location,month,day,year,num,sex,TL,JAWPROJ,ROSTBH,ROSTJAW,ROSTEYE,ROSTFLIP,EYEEAR,NOTCHTOFIN,WFLUKES,NOTCHANUS,NOTCHUMBIL,NOTCHGROOVE,ANUSREPRO,HDORS,BDORS,FLIPAXIL,FLIPTIP,LFLIP,WFLIP,LHEAD,WSKULL,LSKULL,FLIPHUMER,TAILDEPTH,ROSTAXIL
south georgia,2,5,1925,2,f,20.8,0.2,4.03,,4.53,8.85,1,4.9,1.05,6.2,9.3,9.3,0.6,0.5,,,,,0.58,5.5,,,,,
south georgia,2,5,1925,3,f,17.6,,3.5,,3.8,7.5,,4.8,0.9,5.1,8.2,8.2,0.7,0.5,,1.45,1.85,1.9,0.48,4.58,,,,,
south georgia,2,5,1925,4,m,,,,,4.35,,,5.25,1,6,9.5,,1.5,0.5,1.4,,,,,,,,,,
south georgia,2,10,1925,7,f,19.55,0.3,4,4.2,4.35,8.35,1,5,1,5.5,8.8,,0.5,0.5,1.1,1.65,2.25,,0.56,5.35,3.15,,,,
south georgia,2,11,1925,11,m,19.5,,4,4.19,4.25,8.2,1.1,4.7,0.95,5.2,8.35,8,1.55,0.5,1.2,,,,,5.3,2.2,,,,
south georgia,2,11,1925,12,f,17.3,,3.23,3.5,3.65,7.2,0.87,4.3,0.85,4.75,7.7,7.4,0.5,0.4,0.95,,1.6,,0.5,,,,,,
south georgia,2,11,1925,14,m,17.9,,3.15,3.42,3.55,7.15,0.88,4.35,0.85,5.35,8.3,,0.9,0.38,0.9,1.5,2.1,2.11,0.53,,,,,,
south georgia,2,12,1925,15,m,19,,,3.85,3.87,7.7,,,0.95,,,,,,,1.45,,,,,,,,,
south georgia,2,12,1925,16,m,20.5,0.15,4.07,4.4,4.36,9,1.05,4.8,0.85,5.4,8.7,8.45,1.55,0.5,1,1.65,2.1,2.2,0.55,,,,,,
south georgia,2,12,1925,17,m,19.6,,3.85,4,4.3,8.2,0.95,4.18,1,5.2,8.75,8.5,1.5,0.55,1.25,,,,,,,,,,
south georgia,2,12,1925,18,m,18.7,,3.7,,4.1,7.73,0.9,4.8,0.95,5.25,8.65,8,1.5,0.52,1.4,1.5,1.8,,0.45,4.95,2.05,,,,
south georgia,2,12,1925,19,m,19.45,,3.85,4.15,4.25,7.8,1,4.65,0.95,5.3,8.55,8.2,1.2,0.6,1,1.4,2,2.2,0.52,,,,,,
south georgia,2,13,1925,20,f,20.8,0.24,3.75,4.15,4.23,8.5,0.93,,1,6.1,9.65,,0.65,0.47,1,2.25,2.16,2.18,0.55,5.21,2.43,,,,
south georgia,2,13,1925,22,m,20.3,,3.6,3.8,4,8.25,0.94,5.6,1.05,6.2,9.5,9.4,1.3,,1.2,1.75,,,,,,,,,
south georgia,2,16,1925,23,f,21.5,,4.05,4.2,4.35,8.9,1.06,,1.23,6.1,9.5,,0.65,,,0.9,,,,5.45,2.27,,,,
south georgia,2,16,1925,25,m,19.9,,3.7,3.95,4,8.3,1,5.13,1.2,6.6,9.35,9.3,0.77,0.48,1.3,1.65,,,,,,,,,
south georgia,2,17,1925,28,f,17.65,,3.3,3.5,3.76,7.4,0.9,4.6,0.93,4.88,,7.25,0.59,0.45,1.4,1.5,,,,,,,,,
south georgia,2,18,1925,29,f,21.7,0.27,4.25,4.5,4.6,9.2,1,5,1.05,5.7,9.5,9.6,0.85,0.5,1.5,1.85,2.58,2.67,0.64,5.65,2.47,,,,
south georgia,2,20,1925,32,f,18.05,0.15,3.25,3.7,3.6,7.25,0.82,4.5,0.92,5.25,8.45,8.45,0.5,0.35,0.8,1.55,1.9,2,0.43,4.55,1.85,,,,
south georgia,2,21,1925,33,f,15.5,0.1,2.33,,2.5,5.45,0.68,,0.95,4.7,7.2,,,,0.9,1.25,1.6,1.7,0.43,3.45,1.8,,,,
south georgia,2,21,1925,35,m,17.55,,,,,,,,,,,,,,,,,,,4.65,2.1,,,,
south georgia,2,21,1925,38,m,21.2,,4.4,,4.93,9.3,1,5.3,0.92,5.8,9.4,9,1.7,0.35,3.8,1.7,,,,,,,,,
south georgia,2,23,1925,39,f,22.8,,4.53,4.79,4.88,9.7,,,1.25,6.5,10,,0.5,0.5,1.6,2,3,3.5,0.65,5.9,2.4,,,,
south georgia,2,23,1925,42,f,23.6,,4.8,5.1,5,10,,,1.12,6.7,,,0.6,,,2,,,,6.4,,,,,
south georgia,2,23,1925,44,m,20.2,,3.75,3.98,4.1,8.3,1.05,5.3,0.97,5.78,9.1,9.1,1.52,0.52,1.2,1.7,,,,5,2.2,,,,
south georgia,2,23,1925,45,f,22.55,,4.25,4.63,4.93,9.85,1.1,5.7,1.2,6.4,10.25,9.9,0.7,0.48,1.2,2.18,,,,,,,,,
south georgia,2,25,1925,51,m,20.6,,4,4.3,4.5,,1,,1.05,4.7,,,0.8,0.42,0.95,,,,,5.5,2.45,,,,
south georgia,2,27,1925,56,m,20.87,0.25,4.2,4.65,4.75,8.17,1.05,,1.15,4.95,9.5,,1.1,0.42,1.3,1.92,2.4,2.42,0.6,5.75,2.25,,,,
south georgia,2,27,1925,57,f,19.35,0.22,3.65,3.98,3.85,7.95,0.92,4.75,1.05,5.55,9,8.52,0.55,0.53,1.08,1.75,2.2,2.28,0.56,4.92,2.16,,,,
south georgia,2,27,1925,58,f,20.9,,3.78,4.18,4.28,8.4,1,5.2,1,5.88,9.14,8.72,0.47,0.55,0.97,1.2,2.35,2.4,0.53,5.2,2.2,,,,
south georgia,2,27,1925,59,f,21.25,,4.15,4.4,4.55,8.75,,5.52,1.07,5.8,,8.7,0.55,0.48,1,,,,,,,,,,
south georgia,2,28,1925,61,f,21.12,,4.25,4.58,4.8,9.1,1,5.2,1.1,6.02,9.65,9.3,0.6,0.6,1.15,1.8,,,,5.7,2.3,,,2.4,
south georgia,2,28,1925,62,f,21.4,,4.2,4.5,4.65,8.7,1.05,5.5,1.15,6,9.3,8.9,0.6,0.5,1.25,1.75,,,,,,,,2.35,
south georgia,2,28,1925,63,f,20.5,,3.8,4.2,4.3,8.6,0.9,,1.15,5.9,9.3,,0.55,,,1.65,2.2,2.35,0.55,5.23,2.16,,,,
south georgia,3,1,1925,64,m,19.1,,3.65,,3.8,7.7,,,1,5.6,8.85,,0.95,,,1.4,2.27,2.33,0.55,,,,,,
south georgia,3,1,1925,65,m,20.1,,3.7,3.9,4.1,8.2,1,5.1,0.95,5.6,8.95,8.6,1.5,0.62,1.3,1.4,2.2,2.25,0.53,5.3,2.16,,,,
south georgia,3,1,1925,66,f,19.25,,3.5,4,3.95,7.8,,4.9,0.85,5.5,8.9,8.4,0.35,0.53,0.95,1.4,2.15,2.17,0.52,4.9,2,,,1.87,
south georgia,3,1,1925,67,f,22.5,,4.7,5.1,5.1,9.6,,4.85,1.15,6,9.95,9.2,0.6,,1.2,1.5,,,0.6,,,,,3,
south georgia,3,1,1925,68,f,23.3,,,,,,,,1,,,,,,,,,,,5.8,2.4,,,,
south georgia,3,1,1925,69,m,20.5,,4,,4.3,8.6,1,,1.1,6.05,9.6,,1.05,,,1.7,,,,5.5,2.65,,,,
south georgia,3,1,1925,70,m,19.7,,4,4,4.1,8.1,0.93,4.65,1,,,,,0.5,1.05,1.5,2.3,3.6,0.61,,,,,2.25,
south georgia,3,2,1925,71,f,19.3,,3.3,3.75,3.78,7.6,0.91,,0.9,5.8,9,,0.5,,,1.5,,,,4.6,1.85,,,,
south georgia,3,3,1925,73,f,22.35,,4.55,,5,9.9,1.05,,1.15,6.2,9.6,,0.5,,,1.8,2.6,2.7,0.68,6,2.3,,,,
south georgia,3,3,1925,74,f,21.5,,4.5,4.75,4.85,9.2,1,4.95,1.1,6.1,10,9.5,0.6,0.49,0.92,1.9,2.28,3.05,0.62,5.85,2.3,,,1.75,
south georgia,3,3,1925,75,f,21.2,,4,4.2,4.3,8.6,1.05,5.4,1.15,6,9.65,9.2,0.65,0.55,1.2,1.8,,,,,,,,1.75,
south georgia,3,3,1925,76,f,20.2,,4.1,,4.4,8.4,1,,1.05,5.9,8.9,,0.35,,,1.4,2,,0.6,5.4,2.16,,,,
south georgia,3,3,1925,77,f,19.7,,3.85,4.1,4.2,8.1,1,5,1.05,5.7,8.85,8.7,0.4,0.68,1.1,1.5,2,2.05,0.53,5.2,2.15,,,1.8,
south georgia,3,3,1925,78,m,18.7,,3.5,4,4.15,8,0.95,4.5,0.9,5.2,8.55,8,0.67,0.5,1,1.7,,,,5,2.3,,,1.9,
south georgia,3,3,1925,79,m,20.8,,4.2,4.35,4.65,8.7,0.95,5.25,1.15,5.9,9.35,9,1.4,0.5,1.15,1.8,2.15,2.2,0.57,5.5,2.3,,,2.3,
south georgia,3,3,1925,80,f,21.5,,4,4.05,4.25,8.6,,5.4,1.1,6.1,9.8,,0.5,0.5,1.1,1.6,2.4,2.42,0.5,5.2,2.2,,,2.15,
south georgia,3,9,1925,83,f,20,,3.95,4.35,4.5,8.45,0.95,5.2,1,5.9,9.2,8.75,0.5,0.55,1.1,1.85,2.25,2.3,0.55,5.5,2.05,,,2.05,
south georgia,3,10,1925,84,m,13.55,,1.85,,3.35,,0.95,,0.9,4.3,6.95,,0.85,,,,1.4,1.5,0.45,3,1.22,,,,
south georgia,3,12,1925,86,m,19.9,,3.75,4,4.1,7.75,0.98,5,0.96,5.8,9.1,9,1.3,0.55,1.1,2.15,2.1,2.18,0.51,5.6,2,,,2,
south georgia,3,19,1925,97,m,19.35,,3.85,,4.25,8.05,0.99,,0.93,5.4,8.65,,1.2,,1,1.6,2.25,2.29,0.51,5.25,2.05,,,,
south georgia,3,21,1925,100,m,19.55,0.25,3.7,3.92,4.15,8.1,0.95,5,1.05,5.6,9,,1,0.55,1.08,1.45,2.1,2.15,,4.92,2.3,,,,
south georgia,3,21,1925,101,f,21,,4.55,,5.15,9.8,1.15,5.03,1.1,5.5,9.1,8.9,0.7,0.46,1,2.1,2.6,2.7,0.67,6.15,2.6,,,1.8,
south georgia,3,23,1925,105,f,18.5,,3.15,3.6,3.55,7.2,0.85,4.9,0.9,5.6,8.85,8.4,0.6,0.46,0.8,1.7,,,,,,,,1.7,
south georgia,3,23,1925,111,f,22.6,,4.35,4.78,4.9,9.4,1.16,5.7,1,6.3,9.9,9.3,0.5,0.53,1.2,1.7,2.5,2.56,0.68,5.9,2.6,,,2.2,
south georgia,3,25,1925,114,m,20.2,,3.7,4.35,4.3,8.3,1.03,,1.1,5.85,9.1,,0.95,,1.5,,,,,5.45,2.05,,,,
south georgia,3,25,1925,118,m,18.6,,3.3,3.74,3.85,7.7,0.92,,0.93,6.47,8.5,,0.9,,,1.5,2.05,2.07,0.51,4.68,2.1,,,,
south georgia,3,25,1925,119,m,20.4,,3.85,,4.2,8.9,,,1.1,5.9,9.3,,1.05,0.5,1.2,1.8,2.45,2.47,0.62,5.25,2.36,,,,
south georgia,3,26,1925,120,f,22.4,,3.98,,4.38,8.75,,,1.07,6.4,10.25,,0.65,0.55,0.95,1.7,2.16,2.18,0.6,5.33,2.12,,,,
south georgia,3,26,1925,121,m,19.95,,3.65,3.95,4.05,8.22,1,5.08,1.1,5.85,9.55,9.05,1.6,0.54,1.4,,2.4,2.45,0.61,5.05,2.07,,,2.1,
south georgia,3,27,1925,127,f,17.9,,3.15,3.6,3.7,7.4,0.9,,0.95,5.4,8.55,,0.45,,1,1.75,,,,4.48,1.9,,,,
south georgia,3,28,1925,130,m,20.4,,4,,4.54,8.7,,4.95,1.24,5.7,9.3,8.8,1.1,0.5,1,1.9,,,,5.4,2.45,,,,
south georgia,3,28,1925,133,m,16.75,,3.1,3.35,3.43,7,0.85,4.4,0.85,5,8,7.6,1.2,0.42,1.02,1.5,,,,4.25,1.7,,,1.7,
south georgia,3,28,1925,134,f,18.65,,3.7,4.03,4.05,7.9,0.91,4.8,1,5.7,8.9,8.45,0.5,0.45,1,1.8,,,,,,,,1.9,
south georgia,3,30,1925,137,f,18.15,,3.55,3.85,3.9,7.5,,4.5,0.95,5.05,8.3,8.15,0.65,0.45,1.15,1.27,,,,4.79,1.86,,,1.9,
south georgia,3,30,1925,138,f,16,,2.75,3.08,3.2,6.25,0.82,4.2,0.9,4.6,7.63,7.45,0.53,0.4,1.1,,,,,,,,,1.65,
south georgia,3,30,1925,139,f,18.5,,,3.65,3.75,7.8,,,0.92,5.4,,,0.4,,,1.53,,,,4.72,1.98,,,,
south georgia,3,30,1925,140,m,19.15,0.29,3.46,,3.9,7.8,0.85,,1,5.4,8.3,,0.8,,,1.65,,,,4.71,1.98,,,,
south georgia,3,30,1925,144,m,18.96,,3.6,3.78,3.96,7.95,,4.65,0.98,5.4,8.64,8.56,1.45,,1,1.67,,,,4.76,,,,1.96,
south georgia,3,31,1925,152,m,20.3,,3.9,4.38,4.42,8.5,1,5.1,1.08,5.88,9,8.7,1.42,0.45,1.18,1.4,,,,,,,,1.85,
south georgia,4,1,1925,155,f,19.65,,3.68,3.98,4.05,8,0.95,4.8,1,5.5,8.15,8.1,0.5,0.49,1.1,1.5,2.05,2.1,0.47,,,,,1.75,
south georgia,4,2,1925,158,f,20.65,,3.8,4.09,4.3,8.3,1.02,5,0.96,5.7,9.7,9,0.62,0.58,0.92,1.55,,,,5.15,2.2,,,1.85,
south georgia,4,2,1925,159,f,19.9,,3.9,4.22,4.25,8.05,1,,1.1,5.32,8.77,,0.48,0.44,0.85,1.85,,,,5.25,2.2,,,,
south georgia,4,2,1925,161,f,21.7,,4.2,,4.55,8.9,,5.17,1.13,5.93,9.75,9.25,0.7,0.44,0.85,1.7,,,,,,,,2.35,
south georgia,4,2,1925,162,m,21.7,,4.65,4.72,4.95,9.38,1.07,5.2,1.01,5.75,9.6,9.1,1.55,0.6,1.3,2.18,,,,6,2.55,,,,
south georgia,4,2,1925,163,f,17.4,,2.7,3.37,3.37,6.5,0.87,4.48,0.9,5.1,8.1,7.9,0.4,0.46,0.9,1.3,,,,,,,,1.75,
south georgia,4,3,1925,164,f,22.35,,4.5,4.9,5,9.55,1.11,,1.1,6.2,9.7,,0.5,,,1.85,2.5,2.55,0.59,6.1,2.35,,,,
south georgia,4,3,1925,165,m,17.1,,3,3.13,3.2,6.5,0.82,4.55,0.9,5.25,8.32,8.12,1.15,0.42,0.8,1.3,,,,4,1.9,,,1.75,
south georgia,4,3,1925,166,f,23,,4.6,,5,9.9,1.18,,1.18,6.2,9.9,,0.6,,,1.9,,,,6.22,2.5,,,,
south georgia,4,3,1925,168,f,21.82,,4.2,4.4,4.57,8.9,1.08,5.45,1.05,6.18,10.05,9.5,0.52,0.54,1.1,1.7,2.3,2.4,0.6,5.5,2.2,,,,
south georgia,4,3,1925,169,m,20.1,,3.9,3.95,4.2,8.4,1.2,4.78,1,5.65,9.15,8.75,1.45,0.44,1,1.7,,,,5.05,2.35,,,2.1,
south georgia,4,6,1925,173,f,22.33,,,4.7,4.8,,,,,,,,,,,,,,,5.5,2.3,,,,
south georgia,4,6,1925,174,f,20.15,,3.94,4.35,4.42,8.73,0.95,,1.04,6.75,9,,0.45,,,1.7,2.4,2.45,0.58,5.35,2.14,,,,
south georgia,4,6,1925,175,f,23.25,,4.9,5,5.17,9.9,1.12,5.7,1.13,6.5,10.64,10.3,0.7,0.46,1.09,2.1,,,,6.2,,,,2.4,
south georgia,4,6,1925,176,m,18.6,,3.4,3.79,3.88,7.75,0.96,,0.95,5.4,8.3,,0.75,,1.2,1.55,,,0.54,,,,,,
south georgia,4,11,1925,177,m,19.1,,3.3,3.65,3.75,7.64,,,1,5.6,,,0.9,,,1.54,,,,4.5,,,,,
south georgia,4,11,1925,178,f,22.85,,4.45,4.9,5.05,9.45,1,5.2,1.05,6.1,9.85,9.5,0.55,0.49,1.2,1.75,,,,6,2.6,,,2.11,
south georgia,4,11,1925,179,f,22.45,,4.2,4.43,4.64,9.28,1.1,5.65,1.07,6.45,10.5,10,0.55,0.56,1,1.85,,,,,,,,2.1,
south georgia,4,11,1925,180,m,17.1,,2.9,,3.3,6.95,,,0.9,4.85,7.8,,0.85,,,1.45,2,2.05,0.4,4.1,1.9,,2.19,,
south georgia,4,11,1925,181,f,22.6,,4.44,,4.93,9.85,1.15,5.35,1.03,6.38,10.05,9.55,0.62,0.55,0.9,2.2,2.58,2.63,0.58,6.1,2.34,,,2.1,
south georgia,4,13,1925,183,f,22.5,,5,,5.35,,1.2,5.3,1.15,5.8,9.43,9.3,0.5,0.6,1.4,,,,,,,,,2.35,
south georgia,4,13,1925,185,f,21,,4.3,4.45,4.7,9.4,1.02,5.1,1.06,5.76,,8.45,0.66,0.46,0.9,1.95,2.2,2.23,0.55,5.74,3.1,,2.45,2.05,
south georgia,4,13,1925,186,f,21.7,,4,4.23,4.5,9.1,,,1.07,6.1,9.7,,0.4,,,1.7,,,,,,,,,
south georgia,4,13,1925,187,f,18,,3.15,,3.53,7.05,,,0.94,5.3,8.27,,0.42,,,1.35,,,,,,,,,
south georgia,4,14,1925,188,m,19.75,,3.4,3.8,3.87,8,0.89,,0.98,5.7,8.9,,0.9,0.54,1,1.67,2,2.05,0.5,4.8,1.8,,,,
south georgia,4,14,1925,189,m,21.2,,4.1,,4.69,8.73,1,4.8,1.07,5.55,9.3,9.15,1.2,0.44,1.2,1.4,,,,5.53,2.47,,,2.08,
south georgia,4,14,1925,190,f,22,,3.9,4.17,4.3,8.65,1.05,5.65,1.17,6.5,10.1,10.1,0.65,0.5,1.2,1.85,,,,,,,,2.15,
south georgia,4,14,1925,192,f,18.6,,3.5,3.73,3.85,7.75,,,0.9,5.55,8.6,,0.5,,,1.6,2.05,2.15,0.47,4.78,1.9,,,,
south georgia,4,14,1925,193,f,21.7,,4.44,4.55,4.65,9.23,,5.35,1.02,6.05,9.6,9.3,0.6,0.5,1.4,1.7,2.35,2.46,0.56,,,,,1.99,
south georgia,4,15,1925,194,m,19.17,,,,4.2,,,,1,,,,,,,,,,,5.07,2.2,,,,
south georgia,4,15,1925,195,f,16.7,,2.9,3.18,3.26,6.65,0.81,,0.8,5,7.6,,0.35,,,1.35,,,,4.06,1.7,,,,
south georgia,4,15,1925,196,m,18.9,,3.64,3.8,3.94,8,,4.5,0.98,5.3,8.45,8.2,1.4,0.48,1,1.5,,,,,,,,1.92,
south georgia,4,15,1925,197,m,16.75,,,3.1,3.05,6.55,,,0.95,4.75,,,0.72,,,1.25,1.7,1.73,0.45,3.6,1.67,,,,
south georgia,4,15,1925,198,f,22.6,,4.7,4.9,5.1,9.6,1.07,5.25,1.16,6.35,10.3,9.5,0.65,0.47,1.24,1.95,,,,6.1,2.47,,,2.2,
south georgia,4,17,1925,200,f,24.15,,4.5,5.02,5.02,10.25,,,1.1,6.75,10.4,,0.41,,,1.95,2.58,2.63,0.63,6.09,2.49,,,,
south georgia,4,18,1925,201,f,22.7,,4.44,4.8,4.85,9.6,,,1.15,6.3,10.1,,0.55,,,1.83,2.4,2.47,,6.93,3.3,,,,
south georgia,4,18,1925,203,f,19.25,0.21,3.7,,4.2,8.23,,,0.9,5.25,8.43,,0.5,,,,,,,5.6,2.16,,,,
south georgia,4,20,1925,206,m,20.3,,3.8,4.2,4.27,8.35,0.9,,1.02,5.8,9.4,,1.07,,,1.55,,,,5.14,2.07,,,,
south georgia,4,20,1925,207,m,20.3,,4.1,4.47,4.46,9,1.03,4.68,0.98,5.46,8.9,8.6,1.6,0.45,1.33,1.87,2.45,2.5,,,,,,2,
south georgia,4,20,1925,208,f,20.02,,,,,7.97,,,1.01,5.7,9.1,,0.5,,,,,,,5.02,2.17,,,,
south georgia,4,20,1925,210,m,21.7,,4.15,4.15,4.45,9.05,1.06,5.16,1.1,6.14,10.1,9.5,1.56,0.35,0.85,1.95,,,,,,,,2.22,
south georgia,4,21,1925,213,m,20.55,,4.2,,4.66,8.83,1.03,4.65,1,5.8,9.3,8.99,1.55,0.63,1.4,1.65,,,,5.6,2.29,,,2,
south georgia,4,21,1925,214,f,20.7,,3.65,3.95,4.15,8.15,,,1.04,5.67,9.4,,0.55,,,1.4,,,,5.16,2.02,,,,
south georgia,4,25,1925,217,f,21.4,,4.5,,5,9.45,1.1,,1.06,5.9,9.2,,0.55,,1.15,1.94,2.45,2.5,0.65,6,2.52,,,,
south georgia,4,27,1925,218,m,21.1,,4.07,4.05,4.36,9.1,1.08,,1.1,6.13,9.58,,1,,,1.7,,,,5.32,2.36,,,,
south georgia,4,27,1925,219,f,21.5,,4.3,,4.84,9.25,0.98,5.25,1,5.95,9.3,8.68,0.57,0.56,1.15,1.65,,,,,,,,2.1,
south georgia,4,30,1925,222,f,18.2,,3.3,3.59,3.73,7.49,0.89,4.57,0.91,5.4,8.5,8.21,0.7,0.47,1.15,1.68,,,,,,,,1.89,
south georgia,4,30,1925,223,m,19.8,,3.63,3.9,4.07,7.95,0.93,5,0.98,5.85,9.47,9.1,1.58,,1,1.5,,,,4.88,,,,1.7,
south georgia,5,1,1925,225,m,18.15,,3.68,,4.03,8.04,0.9,,0.86,5.15,7.95,,0.85,,,1.74,,,,4.86,2.2,,,,
south georgia,5,1,1925,227,f,19.73,,3.53,4.15,4.15,8.25,,5.04,0.98,5.65,9.05,8.68,0.48,0.5,1.13,1.55,,,,5.16,2.18,,,,
south georgia,5,1,1925,228,m,19.2,,3.9,,4.22,8.2,0.98,4.5,0.95,5.4,8.6,8.2,1.3,0.53,1.25,1.9,,,,,,,,2.12,
south georgia,5,1,1925,229,f,15.4,,2.65,2.95,2.95,6.1,,,0.82,5,7.4,,0.23,,,1.33,1.62,1.7,0.5,,,,,,
south georgia,5,4,1925,230,f,20.2,,3.65,4.06,4.08,7.8,0.96,,1.03,6,9.33,,0.53,,,1.32,,,,4.93,2.2,,,,
south georgia,5,4,1925,231,m,21.25,,4.36,,4.37,8.79,1.03,5.25,1,6,9.16,8.8,1.5,0.6,1.25,1.74,2,2.07,0.62,5.47,2.32,,,2.38,
south georgia,5,4,1925,233,m,18.55,,3.3,3.5,3.4,7.47,0.85,,0.96,5.76,9,,0.82,,,1.56,1.95,1.98,0.46,4.45,,,,,
south georgia,5,8,1925,236,f,21.7,,,4.74,4.8,,1.02,,1.2,6.1,9.45,,0.53,,,,,,,,,,,,
south georgia,5,8,1925,237,m,20,,3.95,,4.4,8.2,1.1,4.9,1,5.67,9.07,9.1,1.43,0.59,1.45,1.85,,,,,,,,2.27,
south georgia,5,8,1925,238,f,21.7,,4.1,,4.63,8.9,,5.7,1.15,6.5,10.15,9.7,0.6,0.6,1.3,1.9,,,,,,,,2.3,
south georgia,10,21,1925,246,m,19.25,,3.95,4,4.35,8.15,0.94,4.7,0.9,5.1,8.5,7.9,1.4,,1.8,1.55,2.3,2.35,0.58,,,,,1.75,
south georgia,10,21,1925,247,f,19.3,,,,4.2,,,,1,5.6,8.6,,0.4,,,1.8,,,,5,2.2,,,,
south georgia,10,26,1925,251,m,20.9,,4,4.27,4.5,8.6,1.03,5.3,1.05,5.65,9.25,8.7,1.43,0.62,1.1,1.7,,,,,,,,1.77,
south georgia,10,27,1925,252,m,19.6,,3.5,,4.08,8,1.05,4.87,0.95,5.44,8.87,8.6,1.34,0.48,1.45,1.5,2.06,2.08,0.55,4.9,2.06,,,2,
south georgia,10,27,1925,255,m,21.77,,3.8,4.13,4.3,8.9,1,5.57,1.1,6.17,10,9.1,1.57,0.47,1,1.8,2.6,2.63,0.64,,,,,,
south georgia,10,29,1925,257,f,22.57,,4.67,4.96,5.12,9.6,1.08,5.37,1.1,6.25,9.7,,0.59,0.42,1.05,1.73,2.67,2.78,0.66,6.1,2.42,,,,
south georgia,11,2,1925,260,f,21.3,,4.15,,4.6,8.75,1,5.33,1.1,6,9.6,9.3,0.7,0.48,1.2,1.5,2.3,2.3,0.58,5.5,2.3,,,2.2,
south georgia,11,3,1925,262,f,22.4,,4.8,4.97,5.2,9.9,1.08,5.4,1.1,6.2,,9.4,0.65,0.6,1.7,1.9,2.6,2.7,0.72,6.26,2.58,,,1.9,
south georgia,11,4,1925,263,f,24,,4.8,5.28,5.4,10.37,1.17,5.48,1.08,6.9,10,10.3,0.7,0.47,1.2,1.93,2.82,2.87,0.63,6.5,2.57,,,2.15,
south georgia,11,5,1925,264,f,21.05,,3.9,,4.5,8.7,1.1,5.1,1.05,5.85,9.6,9.2,0.6,0.52,1.4,1.9,2.2,2.27,,5.4,2.29,,,1.95,
south georgia,11,6,1925,266,m,20.55,,4,4.3,4.4,8.8,1.05,4.65,1.07,5.85,9.15,8.8,1.61,0.52,1.2,1.8,2.3,2.35,0.58,5.45,2.21,,,1.7,
south georgia,11,7,1925,268,m,20,,3.7,3.95,4.2,8.6,0.95,5.05,1.1,5.6,9.2,8.7,1.4,0.65,1.4,1.95,2.5,2.6,,5.1,2.29,,,1.7,
south georgia,11,7,1925,269,m,20.3,,4,4.1,4.4,,1.02,4.55,1,5.45,8.8,,1.35,0.55,1.5,,,,,,,,,1.7,
south georgia,11,11,1925,273,f,22.1,,4.3,4.65,4.9,8.65,,5.2,1.15,6,9.65,,0.5,0.45,1.1,,2.48,2.58,0.6,5.9,2.32,,,,
south georgia,11,17,1925,276,f,22.45,,4.3,4.7,4.8,9.25,1.05,5.55,1.05,6.3,10.35,9.9,0.75,0.38,1.2,1.8,,,,5.9,2.43,,2.75,1.9,
south georgia,11,18,1925,277,m,20.2,,4.08,4.36,4.5,8.7,0.98,4.72,0.86,5.35,,8.55,1.65,0.5,1.08,1.73,2.3,2.38,,,,,,1.75,
south georgia,11,18,1925,278,f,21.85,,3.85,,4.5,8.8,1,,1.13,6.15,9.6,,0.6,,,1.65,2.37,2.39,0.6,,,,,,
south georgia,11,24,1925,279,m,20.6,,4,4.3,4.48,8.9,1.02,4.85,1,5.7,9.2,9.05,1.6,0.5,1.4,1.75,2.3,2.32,0.52,5.43,2.2,,,1.83,
south georgia,11,26,1925,280,f,22.15,,,,4.65,,,,1.1,6.3,,,0.55,,1.1,,,,,5.7,2.5,,,,
south georgia,11,27,1925,281,f,21.75,,4.05,4.3,4.4,8.8,1.06,4.15,1.05,6.2,9.8,,0.6,0.45,1.1,1.5,2.26,2.33,0.58,5.4,2.22,,,,
south georgia,12,10,1925,283,m,20.9,,3.9,4.33,4.45,8.9,0.98,,1.1,6,9.5,,1.15,,,1.82,2.45,2.57,0.6,5.45,2.31,,,,
south georgia,12,14,1925,285,f,22.9,,4.6,4.85,5.15,10.17,1.18,5.4,1.08,6.1,10,9.6,0.65,0.5,1.1,2.1,2.75,2.8,0.67,6.1,2.5,,,1.5,
south georgia,12,14,1925,286,f,22.2,,4.45,,4.85,9.4,1.14,5.1,1.17,6.2,10.3,9.9,0.6,0.55,1.68,1.8,2.75,2.8,0.67,5.9,2.35,,,2.1,
south georgia,12,14,1925,287,f,20.3,,4.25,,4.6,8.7,0.95,4.95,1,5.6,9,8.7,0.6,0.52,1.35,1.65,,,,5.55,,,,2.15,
south georgia,12,14,1925,288,f,21.4,,4,,4.68,9.05,1.12,,1.14,6.1,9.8,,0.65,0.4,1.1,1.85,,,0.65,5.55,2.56,,,,
south georgia,12,15,1925,289,f,22.15,,4.25,4.45,4.7,9.25,1.03,,1.1,6.2,10,,0.55,,,1.85,2.6,2.7,0.61,5.75,2.34,,,,
south georgia,12,15,1925,290,f,23.95,,4.8,5,5.27,10.25,1.15,5.45,,6.5,10.15,10.1,0.75,0.65,1.8,2.1,2.65,2.68,0.65,6.3,2.75,,,2.05,
south georgia,12,16,1925,292,f,20.9,,4.1,4.5,4.65,8.25,0.9,5.15,1.06,5.8,9.5,9,0.65,0.58,1.3,1.77,2.38,,0.55,,,,,2,
south georgia,12,17,1925,293,f,22.65,,4.62,4.9,4.95,9.65,1.13,5.8,1.1,6.35,10.08,9.4,0.7,0.53,1.6,1.9,2.55,2.65,0.64,,,,,1.7,
south georgia,12,17,1925,294,m,20.65,,4,4.4,4.52,9,1.03,4.88,1.08,5.65,9.4,9.05,1.6,0.56,1.22,2,2.52,2.58,0.6,,,,,1.67,
south georgia,12,17,1925,295,m,20.6,,4.25,4.3,4.48,8.8,1,4.7,1.04,5.6,9.5,9.2,1.47,0.59,1.33,1.7,2.43,2.44,0.57,5.4,2.26,,,1.76,
south georgia,12,17,1925,296,f,21.5,,4.3,4.6,4.7,9.2,1.03,5.4,1.12,6,9.4,9.3,0.6,0.65,1.35,1.8,2.33,2.45,0.61,,,,,1.7,
south georgia,1,8,1926,297,m,21.1,,4.2,,4.55,9.2,,,1,6.15,9.65,,0.85,,,1.9,2.27,2.32,0.6,5.45,2.08,,,,
south georgia,1,8,1926,298,m,18.75,,3.26,3.55,3.7,7.5,0.93,4.5,1,5.5,8.5,8.3,1.3,0.52,1.2,1.35,2.1,2.17,0.54,4.55,2.1,,,1.75,
south georgia,1,8,1926,299,m,21.3,,3.8,,4.37,8.7,1.1,5.1,1.07,6,9.9,9.55,1.45,0.53,1.1,1.75,,,,5.35,2.2,,,2.15,
south georgia,1,8,1926,300,f,21.6,,4.2,,4.78,9.56,1,4.86,1.2,5.95,,,0.6,0.38,1.2,2.05,2.58,2.7,0.58,5.6,2.42,,,,
south georgia,1,8,1926,301,m,19.2,,3.65,3.66,3.95,7.65,0.94,4.65,1,5.5,8.8,8.55,1.5,0.38,1.1,1.4,2.1,2.13,0.55,5.7,2.09,,,1.7,
south georgia,1,8,1926,303,m,20.85,,4,,4.4,8.8,,5.04,1.05,6,9.6,9.4,1.4,0.47,1.2,1.85,2.4,2.41,0.6,5.22,2.3,,,1.8,
south georgia,1,8,1926,304,f,22.8,,4.75,4.72,5,9.7,1.12,5.48,1.1,6.4,10.4,10.25,0.7,0.44,1.15,2,2.55,2.75,0.65,6,2.56,,,1.95,
south georgia,1,8,1926,305,m,20,,3.88,,4.18,8.35,,4.6,0.93,5.25,8.95,8.8,1.5,0.54,1,1.86,2.17,2.2,0.6,5.15,2.15,,,1.9,
south georgia,1,8,1926,306,m,20.7,,4.1,4.2,4.48,9.25,1,5.15,1.12,5.9,9.15,9.15,1.35,0.53,0.9,,2.4,2.43,0.59,5.35,2.32,,,2,
south georgia,1,8,1926,307,m,19.2,,3.4,3.65,3.9,7.67,0.92,4.7,0.95,5.5,8.75,8.5,1.5,0.44,1,1.56,2.2,2.25,0.55,4.65,2.2,,,1.8,
south georgia,1,8,1926,308,m,21.7,,4.3,4.35,4.6,9,1.14,5.62,1.07,6.1,9.95,9.65,1.7,0.52,0.85,1.75,2.45,,0.62,,,,,1.8,
south georgia,1,9,1926,309,f,21.7,,4.34,,4.8,8.94,1.08,,1.15,6.1,9.7,,0.7,,,1.7,2.32,,0.6,5.85,,,,,
south georgia,1,9,1926,310,m,20.5,,4.1,,4.5,8.9,1.07,5.35,1,5.6,8.9,8.55,1.55,0.54,1.3,1.8,,,,5.54,,,,1.95,
south georgia,1,9,1926,311,m,20.4,,4.2,4.2,4.6,8.85,1.08,5.9,1.02,5.66,9.32,8.8,1.42,0.53,1.13,1.7,,,,,,,,,
south georgia,1,9,1926,312,m,19,,3.7,4.13,4.2,8.1,,,0.95,5.55,8.9,,1.05,,,1.8,2.17,2.23,0.57,4.8,2.24,,,,
south georgia,1,9,1926,313,m,21.7,,4.5,,4.8,9.4,1.14,5.15,1.1,5.9,9.8,9.3,1.5,0.5,1.3,1.9,2.45,2.47,0.6,5.9,2.35,,,2,
south georgia,1,9,1926,314,m,21.15,,3.85,4.02,4.35,8.7,1.06,5.5,1,6.1,9.8,9.55,1.6,0.56,1.1,1.8,,,,,,,,1.8,
south georgia,1,9,1926,315,f,17.4,,3.22,3.45,3.55,7.2,0.88,,0.9,5.45,8.25,,0.45,,,1.4,1.95,2,0.5,4.3,1.85,,,,
south georgia,1,9,1926,316,f,22.35,,4.3,4.4,4.7,9.5,1.05,,1.05,6.45,10.35,9.75,0.5,,,1.85,,,,5.7,,,,,
south georgia,1,9,1926,318,f,21.95,,4.3,4.47,4.8,9.6,1.05,5.55,1.15,6.3,,,0.6,0.5,1.3,1.95,,,,,,,,,
south georgia,1,10,1926,319,m,20.7,,4.5,,4.6,8.6,1,,1.05,5.9,9.2,,1.15,,,1.55,2.3,2.36,0.58,5.36,2.31,,,,
south georgia,1,10,1926,320,m,21.75,,4.4,,4.67,9.28,1.14,5.4,1.06,6.1,9.7,9.35,1.6,0.45,1.5,2,2.4,2.42,0.64,,,,,2,
south georgia,1,10,1926,322,m,21.6,,4.2,,4.7,9.1,1.18,5.27,1.04,6.2,9.9,9.65,1.7,0.75,1.55,1.85,2.6,2.67,0.62,5.75,2.38,,,2.1,
south georgia,1,10,1926,323,m,21.45,,4.1,4.34,4.53,8.95,1.05,,1.17,6.15,9.85,,1.05,,,1.6,,,,5.1,2.26,,,,
south georgia,1,10,1926,324,m,19.5,,3.8,,4.4,8.5,1.02,4.75,0.9,5.2,8.65,8.4,1.4,0.47,1.2,1.7,2.3,2.33,0.56,5.6,,,,2.05,
south georgia,1,10,1926,325,m,21.1,,4.4,,4.71,9.2,1.07,5.1,1.12,5.8,9.4,9,1.5,0.54,1.5,1.8,2.4,2.41,0.58,5.7,,,,1.85,
south georgia,1,10,1926,326,m,20.4,,3.88,,4.3,8.3,1.1,,1,5.62,,,1.13,0.42,1,1.6,2.3,2.32,0.6,5.2,2.18,,,,
south georgia,1,10,1926,327,m,20.9,,4.25,,4.51,9,1.14,4.95,1.02,5.46,9.2,8.7,1.64,0.62,1.15,1.75,2.3,2.37,0.6,5.27,2.26,,,1.95,
south georgia,1,10,1926,328,m,21.1,,4.1,4.17,4.4,,1.1,5,1.1,5.9,9.5,9.15,1.4,0.5,1.2,1.7,2.42,2.49,0.61,5.35,2.36,,,1.9,
south georgia,1,10,1926,329,m,21,,3.95,4.12,4.38,8.45,1.03,5.34,0.95,5.95,9.6,9.3,1.55,,0.7,1.65,2.27,2.37,0.59,5.4,2.21,,,1.85,
south georgia,1,10,1926,330,m,21.8,,4.17,4.32,4.65,9.25,1.12,5.27,1.05,6.15,9.75,9.45,1.6,0.58,1.15,1.9,,,,,,,,1.7,
south georgia,1,11,1926,331,f,21.8,,4.45,,4.87,9.4,1.12,,1.05,6.1,9.8,,0.65,,,,,,,5.8,,,,,
south georgia,1,11,1926,332,f,22.35,,4.59,4.83,4.98,9.42,1,5.55,1.05,5.15,10.27,9.78,0.68,0.53,1.25,1.82,,,,,,,,2.1,
south georgia,1,11,1926,333,m,20.5,,4.04,4.2,4.4,8.58,1,5,1.02,5.85,9.5,9.3,1.47,0.58,1.5,1.8,,,,,,,,1.95,
south georgia,1,11,1926,334,m,21.7,,4.15,,4.57,9.3,,,1.12,6.15,9.7,,1.15,,,2.12,,,,5.5,2.49,,,,
south georgia,1,11,1926,335,f,22.7,,4.5,,4.7,,1.13,5.55,1.14,6.35,10.05,9.6,0.45,0.56,1,1.82,2.68,2.7,0.6,,,,,,
south georgia,1,11,1926,336,m,20.83,,4.15,4.28,4.45,,1.05,5.25,1.18,5.5,9.3,8.8,1.5,0.7,1.45,,2.45,2.56,0.6,5.45,,,,,
south georgia,1,11,1926,337,m,21.2,,4.3,4.5,4.65,8.8,0.98,5.3,1.06,6.25,9.7,9.7,1.35,0.51,1.2,1.65,2.44,2.52,0.6,5.5,2.36,,,1.75,
south georgia,1,11,1926,338,m,19.5,,3.7,3.98,4.1,8.45,1,4.95,1,5.55,8.8,8.5,1.35,0.26,0.9,1.67,2.3,,0.52,,,,,1.6,
south georgia,1,12,1926,339,m,20.47,,4.1,4.28,4.45,8.75,1.17,5,1.08,5.65,9.2,8.9,1.45,0.38,1.3,1.73,2.28,2.3,0.56,5.6,2.22,,,1.9,
south georgia,1,12,1926,341,m,21.2,,3.9,4.15,4.3,8.3,1.04,5.15,1.03,5.4,9.25,8.9,1.4,0.42,1.25,1.7,,,,,,,,1.86,
south georgia,1,12,1926,342,f,23,,4.37,4.55,4.8,,,5.47,1.1,6.3,9.8,9.55,0.5,0.5,1.5,,,,,5.55,2.48,,,2,
south georgia,1,12,1926,343,f,23,,4.6,4.95,5,9.8,1.04,5.45,1.05,6.3,10.7,10.2,0.7,0.47,1.6,1.8,2.18,2.28,0.59,,,,,,
south georgia,1,12,1926,344,m,20.65,,4,4.12,4.45,8.68,0.98,4.65,1,5.75,9.1,8.9,1.55,0.6,1.3,1.48,,,,,,,,1.7,
south georgia,1,13,1926,347,m,21.75,,3.98,4.2,4.48,8.65,1.09,5.3,0.97,5.85,9.35,8.98,1.45,0.55,1.5,1.7,,,,5.4,2.32,,,1.8,
south georgia,1,13,1926,348,m,20.9,,3.9,4,4.18,8.2,1.05,,1.15,6.3,9.75,,1.1,,,1.8,2.5,2.56,0.6,4.88,2.3,,,,
south georgia,1,13,1926,349,m,19.25,,3.75,3.88,4.18,8.3,0.95,4.8,1,5.4,8.8,8.7,1.45,0.51,1.1,1.8,2.4,2.45,0.58,5,2.26,,,1.8,
south georgia,1,13,1926,350,f,23.8,,4.74,4.93,5.2,10.2,1.15,5.85,1.14,6.9,10.75,10.6,0.73,0.59,1.3,2.17,2.7,2.76,0.62,5.17,2.46,,,2,
south georgia,1,13,1926,351,m,21.5,,4.5,4.5,4.7,9.4,1.18,5.28,1.12,6.25,9.85,9.6,1.45,0.62,1.3,2,2.5,2.57,0.63,,,,,2.05,
south georgia,1,13,1926,352,f,20.5,,4.06,4.35,4.56,8.77,1,5.14,1.09,6.03,9.36,,0.36,0.6,1.46,1.6,2.18,2.27,0.57,5.43,2.24,,,,
south georgia,1,13,1926,353,m,20.75,,4.46,4.5,4.77,,1.07,5.02,0.95,5.65,9.1,8.88,1.45,0.54,1.25,,2.4,2.46,0.58,,,,,,
south georgia,1,13,1926,354,m,20.34,,3.85,4.06,4.39,8.6,0.97,4.97,1.1,5.75,9.13,8.95,1.55,0.48,1.25,1.79,2.56,2.6,0.56,5.1,2.36,,,1.68,
south georgia,1,13,1926,356,m,22.65,,4.42,,4.8,9.67,1.16,5.35,1.07,6.4,10.45,10.15,1.8,0.52,1.5,1.95,,,,,,,,1.9,
south georgia,1,13,1926,357,f,21.43,,4.35,4.53,4.7,9,1.11,5,1.12,6,9.7,9.4,0.7,0.48,1.1,1.76,2.46,2.52,0.59,5.6,2.41,,2.74,2.05,
south georgia,1,15,1926,358,f,23.6,,4.87,5.28,5.32,10.17,1.2,5.7,1.15,6.3,9.95,9.9,0.6,0.51,1.5,1.87,2.7,2.75,0.63,6.4,2.76,,,1.9,
south georgia,1,15,1926,359,f,21.2,,4.1,4.5,4.6,8.8,1.05,5,1.05,6,9.75,9.4,0.6,0.42,1.1,1.7,2.45,2.5,0.65,5.6,2.36,,,,
south georgia,1,15,1926,362,m,20.85,,4.25,4.63,4.75,8.9,1.02,,1.02,5.75,,,1.25,,,1.7,2.52,2.55,0.6,,,,,,
south georgia,1,18,1926,363,f,21.9,,4.4,4.45,4.7,9.2,1.15,5.38,1.08,6.3,10.2,10,0.65,,1.3,1.9,2.6,2.65,0.61,5.6,2.26,,,2,
south georgia,1,18,1926,364,f,20,,3.92,4.2,4.25,9,1.05,5.04,0.98,5.75,9.1,8.9,0.55,0.54,1.15,1.8,2.36,2.42,0.59,5,2.36,,,1.75,
south georgia,1,18,1926,365,m,19.6,,3.95,4.1,4.45,8.1,0.95,5,1,5.55,9.1,8.75,1.45,0.49,1.2,1.67,2.1,2.15,0.55,5.1,2.16,,,1.9,
south georgia,1,18,1926,366,m,20.3,,3.9,4.4,4.58,9,0.98,4.85,1.15,5.85,9.3,9.1,1,0.5,1.3,1.95,,,,5.5,,,,1.9,
south georgia,1,18,1926,367,m,21.35,,4.2,,4.74,8.9,1.05,5.15,1.06,5.9,9.1,9,1.35,0.59,1.6,1.9,2.58,2.62,0.06,5.7,,,,1.8,
south georgia,1,18,1926,368,m,20.7,,3.9,4.25,4.43,8.5,1.03,5.08,1.03,5.82,9.35,9.35,1.43,0.55,1.5,1.64,2.38,2.43,0.62,,,,,1.9,
south georgia,1,18,1926,369,f,23.1,,4.65,,5.26,9.8,1.15,5.68,1.04,6.6,10.45,10.1,0.65,0.51,1.23,1.96,2.78,2.84,0.7,5.3,2.62,,,2,
south georgia,1,18,1926,370,m,21.15,,4.15,4.48,4.6,9.07,0.95,4.8,1.07,5.9,9.4,9.25,1.55,0.51,1.4,1.77,2.52,2.58,0.58,5.45,2.26,,2.82,1.8,
south georgia,1,18,1926,371,m,20.2,,3.75,3.85,4.14,8.48,1.01,4.95,1,5.72,9.25,9.1,1.35,0.47,1.04,1.8,,,,5,2.18,,,1.9,
south georgia,1,18,1926,372,m,21.1,,4.05,4.37,4.63,7.9,1,5.2,0.95,5.75,9.75,9.5,1.55,0.5,1.4,1.75,2.33,2.4,0.52,5.4,2.4,,,1.65,
south georgia,1,19,1926,374,m,20.32,,4.2,4.4,4.52,8.54,1.04,,1.1,5.8,8.95,,1.1,,1.4,1.58,2.35,2.37,0.55,,,,2.7,,
south georgia,1,19,1926,375,m,20.3,,4,4.24,4.4,8.55,0.96,5,1,5.65,9,9,1.45,0.46,1.55,1.7,2.28,2.4,0.6,5.45,,,,1.79,
south georgia,1,19,1926,376,f,22.55,,4.36,4.52,4.73,9.45,1.05,5.54,1.08,6.2,10,9.75,0.65,0.52,1.43,1.9,2.45,2.55,0.62,,,,,2.04,
south georgia,1,19,1926,377,f,19.6,,3.8,4,4.15,8.15,0.99,4.6,1.03,5.8,9,8.65,0.45,0.53,1.26,1.63,,,,,,,,1.85,
south georgia,1,20,1926,380,m,18.7,,3.7,3.92,4.1,7.75,0.88,4.6,0.96,5.36,8.8,8.6,1.49,0.5,1.2,1.4,,,,,,,,1.6,
south georgia,1,20,1926,381,f,22.7,,,,4.92,,,5.67,1.1,6.3,10,9.7,0.66,0.58,1.6,,2.35,2.43,0.67,5.8,2.46,,,2,
south georgia,1,20,1926,382,m,20.6,,4.05,,4.42,8.7,1.02,,1.08,5.7,9.8,,1.14,,,1.64,1.98,2.01,,5.45,2.37,,,,
south georgia,1,20,1926,384,m,21.3,,4.2,4.38,4.7,9.1,0.98,5.1,0.99,6.05,9.6,9.3,1.45,0.53,1,1.87,2.47,2.58,0.68,5.6,2.1,,,1.6,
south georgia,1,20,1926,385,m,20.25,,3.9,4.18,4.2,8.45,1,4.9,1,5.5,9.3,9.2,1.3,0.48,1.3,1.7,2.24,2.31,0.54,5.53,,,,1.95,
south georgia,1,21,1926,389,f,23.9,,4.85,,5.3,10.3,1.1,,1.2,6.85,11.1,,0.55,,1,2.05,2.76,,0.65,,,,,,
south georgia,1,21,1926,390,f,21.85,,4.42,4.64,4.8,9.45,1.05,5.45,1.12,5.88,9.55,9.21,0.58,0.51,1.48,1.9,2.53,2.58,0.62,5.8,2.39,,,2.2,
south georgia,1,21,1926,391,m,20,,3.75,4,4.15,8.3,1.01,5,0.98,5.65,9.15,8.7,1.4,0.55,1.2,1.7,2.35,2.43,0.58,5.1,2.22,,,1.85,
south georgia,1,21,1926,392,m,19.2,,3.73,3.88,4.04,8,0.9,4.8,0.95,5.6,8.9,8.65,1.4,0.45,1.15,1.5,2.2,2.22,0.6,4.8,2.17,,,1.7,
south georgia,1,21,1926,393,m,20.3,,4.1,4.37,4.54,8.85,1.06,4.82,1.04,5.65,9,8.7,1.15,0.56,1.3,1.77,2.55,2.61,0.6,5.45,2.34,,,1.85,
south georgia,1,21,1926,394,f,22.55,,4.55,4.65,4.87,9.4,1.08,5.5,1.06,6.18,9.97,9.9,0.69,0.46,1.2,1.83,2.5,2.57,0.59,5.76,2.42,,,1.95,
south georgia,1,21,1926,395,f,21.8,,4.24,4.3,4.58,8.9,1.08,5.55,1.06,6.5,10.36,10.08,0.8,0.47,1.25,1.74,2.38,2.42,0.62,,,,,1.9,
south georgia,1,21,1926,396,m,20.9,,3.8,4,4.27,8.4,0.98,5.18,0.96,5.9,9.9,9.5,1.6,0.57,1.55,1.52,2.3,2.37,0.57,5.1,2.06,,,1.88,
south georgia,1,21,1926,397,f,22.05,,4.49,,4.98,9.8,1.12,5.35,1.15,6.08,9.5,9.3,0.47,0.59,1.5,1.92,2.64,2.73,0.65,6.1,2.43,,,2.33,
south georgia,1,21,1926,398,f,21.2,,,,4.5,8.7,0.98,5.2,1.05,6,9.65,9.42,0.77,0.45,1.4,1.5,,,,5.5,,,,1.83,
south georgia,1,21,1926,400,m,20.55,,3.85,4.18,4.4,8.35,1.03,5,0.95,5.8,9.43,9.1,1.35,0.47,1.35,1.65,2.14,2.18,0.55,5.3,2.16,,,1.92,
south georgia,1,22,1926,404,m,19.7,,3.75,,4.1,7.9,0.93,5,0.97,5.77,8.85,8.95,1.48,0.52,1.3,1.62,,,,5.02,2.05,,,1.7,
south georgia,1,22,1926,405,f,22.3,,4.5,,5,9.5,1.05,5.3,1.2,6.15,9.95,9.84,0.7,0.54,1.4,1.9,2.37,2.44,0.59,5.4,,,,,
south georgia,1,22,1926,406,f,17,,3.15,3.5,3.63,6.95,0.84,4.3,0.88,5.1,7.8,7.8,0.5,0.38,0.95,1.4,1.85,1.85,0.5,4.36,1.85,,,1.6,
south georgia,1,22,1926,409,f,22.3,,4.3,,4.75,9.6,1.05,5.26,1.1,6.15,9.7,9.7,0.75,0.48,1.3,1.8,2.72,2.78,0.63,5.65,2.42,,,2.05,
south georgia,1,22,1926,410,f,22.3,,4.4,4.55,5,9.35,0.9,5.55,1,6.45,10,9.8,0.75,0.63,1.7,1.8,,,0.61,5.86,2.24,,,2,
south georgia,1,23,1926,411,f,21.85,,4.3,4.53,5.7,9.2,1,,1.05,6.2,9.65,,0.65,,,1.5,2.2,2.27,0.59,5.7,2.18,,,,
south georgia,1,23,1926,412,m,20.3,,3.95,4.28,4.46,8.25,0.92,4.85,1.05,5.8,9.26,9,1.45,0.42,1.39,1.8,2.3,2.4,0.55,5.4,,,,1.8,
south georgia,1,23,1926,413,f,22.8,,4.4,4.7,4.85,9.35,1.05,6.85,1.2,6.9,10.35,10.4,,0.49,1.48,1.8,,,,5.75,2.3,,,,
south georgia,1,23,1926,414,f,21.9,,4.4,4.76,4.76,9.35,1.05,5.73,1.12,6.1,9.65,9.4,0.6,0.51,1.5,1.87,2.6,2.65,0.59,5.77,2.41,,,2.2,
south georgia,1,23,1926,415,m,21,,4.2,4.58,4.7,9.2,1.04,4.87,0.99,5.8,9.6,9.2,1.5,0.52,1.5,1.86,2.35,2.41,0.56,5.55,2.42,,,1.9,
south georgia,1,23,1926,416,m,17.15,,2.9,3.26,3.38,6.87,1.04,4.48,0.9,5.15,8.2,7.75,1.1,0.42,1.3,1.28,1.9,1.97,0.43,4.08,1.78,,,1.6,
south georgia,1,23,1926,417,m,20.9,,3.9,4.07,4.28,8.45,1.12,5.06,1.08,5.62,9.45,9.2,1.48,0.5,1.25,1.61,,,,5.23,2.15,,,1.75,
south georgia,1,23,1926,419,m,19.9,,3.75,3.95,4.15,8.25,0.95,4.8,1,5.95,,9.1,1.45,0.4,1.4,1.7,2.35,2.45,0.55,5.1,1.95,,,1.85,
south georgia,1,23,1926,420,f,20.65,,3.85,4.1,4.33,8.43,0.99,5.4,1.13,6.1,9.4,9.54,0.65,0.35,1.1,1.7,2.25,2.3,0.5,5.22,2.28,,,1.93,
south georgia,1,23,1926,421,f,20.65,,4,4.16,4.25,8.75,1.02,5.25,1.08,6,9.35,9.05,0.6,0.5,1.4,1.85,2.35,2.44,0.58,5.3,2.23,,,1.85,
south georgia,1,23,1926,422,f,22.83,,4.5,4.76,5.05,9.63,1.15,5.6,1.02,6.03,9.5,9.6,0.5,0.53,1.3,1.65,2.55,2.58,0.67,6,2.5,,,2.15,
south georgia,1,24,1926,423,f,21.75,,4.75,4.97,5.05,9.55,1.15,,1,5.9,9.7,,0.7,0.56,1.02,1.92,2.37,2.47,0.6,,,,,,
south georgia,1,24,1926,425,f,21.6,,4.65,4.85,5.06,9.35,0.97,5.2,1,6,9.85,10,0.75,0.42,1.25,1.9,,,0.55,5.9,,,,1.82,
south georgia,1,24,1926,426,f,22.45,,4.25,4.63,4.81,9.7,1.13,4.55,1.27,6.4,9.45,9.8,0.74,0.52,1.08,2.1,2.77,2.84,,5.88,2.4,,,2.2,
south georgia,1,24,1926,427,m,21.28,,4,4.22,4.37,8.83,1.03,4.9,1.1,6,9.7,9.26,1.15,0.59,1.15,2.18,2.5,2.6,0.62,5.3,2.17,,,1.89,
south georgia,1,24,1926,428,m,21.35,,4.1,,4.54,8.9,1.1,5.3,1.15,5.95,9.46,9.25,1.5,0.51,1.4,1.9,2.36,2.44,0.64,5.6,2.4,,,2.18,
south georgia,1,24,1926,429,m,21.7,,4.35,4.62,4.78,9.1,1.08,5.27,1.19,6,9.35,9.58,1.6,0.62,1.2,1.66,2.38,2.42,0.6,5.65,2.36,,,2,
south georgia,1,24,1926,430,m,20.2,,4.1,4.25,4.5,8.8,1.09,4.82,0.83,5.4,8.85,8.5,1.4,0.55,1.4,1.83,2.23,2.31,0.56,5.4,2.37,,,2,
south georgia,1,24,1926,431,f,21.8,,4.15,4.2,4.48,8.75,1.1,4.8,1.12,6.2,10.1,9.7,0.6,0.55,1.3,1.6,,,,,,,,1.8,
south georgia,1,24,1926,432,f,19.55,,3.7,3.8,4.08,8.1,,5.15,0.98,5.75,9.25,9,0.5,0.48,1.2,1.7,,,,,,,,1.9,
south georgia,1,25,1926,433,f,20.7,,3.76,4.05,4.17,8.3,0.91,,1.05,6.1,9.7,,0.6,,,1.88,2.35,2.48,0.53,5,2.14,,,,
south georgia,1,25,1926,434,f,18.75,,3.25,3.5,3.65,7.3,0.85,,0.92,5.45,8.47,,0.45,0.44,0.9,1.4,,,,4.45,1.96,,,,
south georgia,1,25,1926,435,m,20.15,,3.9,4.2,4.33,8.55,1.01,4.77,1,5.65,9.1,9,1.6,0.53,1.15,1.8,,,,,,,,1.85,
south georgia,1,25,1926,436,m,21.4,,4.1,,4.45,9.1,1.04,,1.07,6.1,9.7,,1.05,,,1.86,2.47,2.57,0.57,5.45,,,,,
south georgia,1,25,1926,437,m,19.55,,3.9,4.2,4.37,8.25,1,4.72,1,5.5,8.7,8.7,1.2,0.42,1.1,1.6,2,2,0.46,5.07,2.23,,,1.9,
south georgia,1,25,1926,438,m,20,,3.5,3.8,3.96,8.05,0.99,5.03,0.95,5.75,9.25,9.3,1.51,0.51,1.4,1.7,2.17,2.1,0.58,4.84,2.06,,,1.75,
south georgia,1,25,1926,439,m,19.7,,4,4.03,4.17,8.3,0.93,4.86,0.96,5.55,9.7,9.2,1.7,0.57,1.4,1.65,,,,,,,,1.85,
south georgia,1,25,1926,441,f,18.75,,3.4,3.5,3.75,,0.95,4.77,1,5.47,,8.52,0.6,0.45,1,,,,,,,,,1.8,
south georgia,1,25,1926,443,m,19.1,,3.73,3.87,3.95,8.15,0.89,4.43,0.97,5.1,8.3,8.1,1.5,0.43,0.9,1.75,,,,,,,,1.85,
south georgia,1,27,1926,445,m,19.75,,3.8,4,4.2,8.3,0.95,4.83,1,5.4,8.7,8.5,1.4,0.48,1.43,1.6,2.32,2.4,0.56,,,,,1.9,
south georgia,1,27,1926,446,m,19.5,,3.7,4,4.22,8.3,1.02,,0.92,5.45,,,0.95,,,1.6,2.27,2.31,0.59,5.87,2.5,,,,
south georgia,1,27,1926,447,f,21,,4.14,4.15,4.38,8.65,1,5.06,1.02,6.02,9.85,9.5,0.83,0.55,1.1,1.65,2.38,2.44,0.6,5.27,2.3,,,1.9,
south georgia,1,27,1926,448,m,20.75,,3.95,4.17,4.32,8.06,1.08,5.05,0.96,5.83,9.5,9.15,1.48,0.49,1.5,1.42,2.1,2.15,0.55,5.15,2.09,,,1.8,
south georgia,1,27,1926,450,m,21.35,,4.15,,4.6,9.35,1.07,5,1.05,5.8,,9.1,1.6,0.58,1.6,1.75,2.45,2.54,0.62,,,,,2.06,
south georgia,1,27,1926,451,m,20.85,,3.7,,4.17,8.75,1.03,4.96,1.08,5.9,9.55,9.25,1.5,0.48,1.48,1.7,2.35,2.4,0.58,,,,2.85,1.9,
south georgia,1,27,1926,452,f,19.8,,3.68,3.9,4.19,8.29,,4.89,0.95,5.65,,8.74,0.65,0.47,0.9,1.63,2.2,2.22,0.57,,,,,2,
south georgia,1,28,1926,454,m,20.15,,3.6,4.15,4.19,7.5,0.89,,1.02,5.93,9.25,,0.97,0.54,1.2,1.67,2.13,2.17,,5.07,2.13,,,,
south georgia,1,28,1926,455,m,19.7,,3.72,4.05,4.15,8.2,0.96,4.74,0.95,,8.9,8.5,1.85,0.46,1.3,,2.4,2.47,,,,,,1.9,
south georgia,1,29,1926,456,f,22.57,,4.3,,4.85,9.55,1.08,,1.15,,10.3,,,,,1.8,2.3,2.38,0.57,5.8,2.3,5.71,,,
south georgia,1,29,1926,457,m,22.3,,4.55,,4.9,9.8,1.08,5.25,1.1,6.1,9.75,9.65,1.5,0.58,1.06,1.9,2.55,2.62,0.63,6.1,2.5,,,2.2,
south georgia,1,29,1926,458,m,19.54,,4.05,4.1,4.38,8.3,1,5.75,1.03,5.45,,8.58,1.4,0.41,1.15,1.5,,,,,,,,1.8,
south georgia,1,29,1926,459,m,20.9,,3.9,,4.4,9,,4.8,,5.9,,8.95,1.5,0.45,1.1,2.02,2.48,2.6,0.63,5.4,2.25,,,1.7,
south georgia,1,29,1926,460,m,20.45,,4.2,,4.66,8.85,0.97,5.2,1.02,6,9.25,9,1,0.55,1.5,1.82,2.34,2.42,0.6,5.6,2.18,,,1.9,
south georgia,1,29,1926,461,m,21,,4.05,4.28,4.52,9.25,1.04,5.3,1.07,6,9.65,9.2,1.55,,1.6,1.85,2.63,2.7,0.69,5.5,2.19,,,2.05,
south georgia,1,29,1926,462,m,20.6,,4,4.02,4.26,8.7,0.92,,0.96,5.77,9.45,9.3,1.48,,1,1.7,2.4,2.44,0.61,5.1,2.23,,,1.75,
south georgia,1,29,1926,463,f,24,,4.86,,5.37,9.8,1.16,5.65,1.04,6.9,10.55,10.2,0.64,0.47,1.25,2.25,2.5,2.6,0.67,6.4,2.5,,,2,
south georgia,1,29,1926,464,m,20.1,,3.75,,4.33,8.55,1,4.65,1.04,5.37,9,8.72,1.42,0.4,1.08,1.85,2.17,2.25,0.55,5.2,2.3,5.11,,1.95,
south georgia,1,29,1926,465,f,20.37,,4.35,4.55,4.85,9.9,1.1,5.87,1.2,6.75,10.8,10.25,0.68,0.51,1.35,1.73,2.68,2.77,0.64,,,,,,
south georgia,1,29,1926,466,m,21.15,,4.25,,4.6,,,4.98,1.14,,9.47,9,,,1.4,1.65,2.3,2.36,0.58,5.55,2.1,,,2.03,
south georgia,1,29,1926,467,m,21.25,,3.98,4.17,4.41,9,1,,1.1,6,9.6,,1.1,0.47,1.4,,2.58,2.62,0.6,5.45,2.3,,,,
south georgia,1,29,1926,468,m,20.4,,3.84,4.05,4.27,,1.3,4.8,1.04,5.55,,8.8,1.4,0.49,1.2,,2.26,2.35,0.61,5.25,2.46,,,1.65,
south georgia,1,30,1926,469,m,21,,4.1,4.3,4.44,8.8,1.06,5.25,1,5.8,9.65,9.4,1.8,0.46,1.27,1.7,2.3,2.45,0.62,5.2,2.37,,,1.7,
south georgia,1,30,1926,470,m,21.6,,3.95,4.18,4.38,8.7,1.05,5.67,1.04,6.1,10.1,9.85,1.6,0.56,1.1,1.8,2.41,2.51,0.62,5.38,2.28,,,1.85,
south georgia,1,30,1926,471,m,20.35,,3.85,4.1,4.27,8.5,1,4.85,1,5.7,9.2,8.7,1.5,0.44,1.38,1.82,2.26,2.33,0.58,5.2,2.28,,,2.05,
south georgia,1,30,1926,472,m,21.8,,4.15,,4.56,9.2,1.03,5.4,1.08,6.15,9.55,9.25,1.55,0.51,1.3,1.86,2.5,2.65,0.66,5.5,2.46,,,2.05,
south georgia,1,30,1926,473,m,21.75,,3.9,,4.45,9,1.03,5.5,1.09,6.3,10.2,10.1,1.7,0.48,2.2,1.7,,,,5.5,2.34,,,2.05,
south georgia,1,30,1926,474,m,21.7,,3.85,3.95,4.15,8.45,0.95,5.05,1.04,6.12,9.65,9.4,1.33,0.52,1.2,1.44,2.29,2.34,0.61,,,,,1.9,
south georgia,1,30,1926,475,m,20,,3.7,,4.15,8.3,1,,1,,9,,1,0.55,1.2,1.6,2.35,2.42,0.6,4.9,2.24,,,,
south georgia,1,30,1926,476,m,20.9,,3.85,,4.37,,1,4.85,1.1,6,9.5,9.1,1.35,0.43,1.15,1.48,2.2,2.25,0.55,5.27,2.2,,,,
south georgia,1,30,1926,477,m,20.9,,4.07,4.1,4.38,8.7,,,1.05,5.85,,9,1.4,,1.6,1.7,,,,,,,,,
south georgia,1,31,1926,478,f,24.53,,,,,,,,,,,,,,,,,,,5.6,,,,,
south georgia,1,31,1926,479,m,19.57,,,,4.3,8.15,1.02,,1.05,5.3,,,1,,,1.3,2.05,2.13,0.55,5.17,,,,,
south georgia,1,31,1926,480,m,20.53,,3.65,3.72,4.1,,0.98,5.25,1.02,5.9,,9.4,1,,1.4,,2.3,2.39,0.58,5,2.22,,,1.92,
south georgia,2,1,1926,481,m,21.17,,4.02,,4.35,,1.07,5.1,1.08,5.78,9.3,9.07,1.37,0.53,1.3,1.78,2.52,2.62,0.65,5.37,,,,1.9,
south georgia,2,1,1926,482,m,20.2,,3.9,4.1,4.25,8.6,1.1,4.7,1.05,5.65,9,8.65,1.55,0.62,1.38,1.75,2.35,2.4,0.59,,,,,1.97,
south georgia,2,1,1926,483,f,22.2,,4.45,,4.9,9.6,,5.7,1.24,6.35,,9.75,0.6,0.52,1.7,1.8,,,,,,,,2.35,
south georgia,2,2,1926,484,f,22.35,,4.25,4.5,4.67,9.5,1,,1.1,6.35,10.13,,0.81,,,1.88,2.6,2.67,0.61,5.55,2.44,,,,
south georgia,2,2,1926,485,m,20.95,,4.13,4.23,4.5,8.78,1.03,5.23,1.08,5.84,,8.95,1.61,0.55,1.15,1.74,2.34,2.39,0.66,5.5,2.28,,,1.9,
south georgia,2,2,1926,486,m,21.85,,4.25,4.5,4.59,9.1,0.98,4.74,1.05,5.75,9.5,9,1.65,0.5,1.6,1.78,2.35,2.44,0.63,5.5,2.32,,,1.85,
south georgia,2,2,1926,489,m,21.4,,4.13,,4.32,,1.01,,1.2,,9.53,,,0.54,1.35,1.72,,,,5.39,2.3,,,,
south georgia,2,2,1926,490,m,21.7,,4.34,4.4,4.72,9.32,1.15,5,1.15,5.96,9.5,9.04,1.44,0.53,1.1,1.9,2.36,2.43,0.62,5.73,2.4,,,,
south georgia,2,2,1926,491,f,23.1,,4.7,,5.13,,,5.44,1.03,6.25,,9.84,0.55,0.47,1.1,,,,,,,,,2.2,
south georgia,2,2,1926,492,m,19.8,,3.68,,4.16,8,0.98,,0.94,5.5,8.8,,0.99,,,1.4,2.1,2.14,0.56,4.92,2.31,,,,
south georgia,2,2,1926,493,m,19.3,,3.8,3.95,4.05,7.95,1,4.75,0.94,5.6,8.8,8.6,1.4,0.44,1.2,1.5,2.28,2.33,0.58,4.95,2.16,,,1.6,
south georgia,2,2,1926,495,m,18.7,,3.66,4,4,8.05,1,4.5,0.97,5.35,8.23,8.17,0.95,0.52,1.25,1.57,2.3,2.37,0.57,4.75,2.11,,,,
south georgia,2,2,1926,496,f,18.45,,3.4,3.65,3.84,7.55,0.88,4.6,0.9,5.15,9.45,8,0.57,0.4,1,1.52,,,,,,,,1.75,
south georgia,2,2,1926,497,f,22.65,,4.57,4.6,4.82,9.55,1.18,5.58,1.1,6.27,10.38,10.38,0.69,0.56,1.2,1.84,,,,,,,,2.1,
south georgia,2,3,1926,498,m,20.3,,3.9,4.18,4.38,8.4,0.99,,1.05,5.87,9.23,,1.13,,,1.55,2.3,2.36,0.58,5.35,2.13,,,,
south georgia,2,3,1926,499,m,20.8,,3.7,,4.1,8.2,0.98,4.85,1.05,5.78,9.13,8.74,1.32,0.48,1.3,1.73,2.3,2.35,0.64,4.85,2.08,,,2,
south georgia,2,3,1926,500,m,20.7,,4.1,4.25,4.4,8.95,1.13,5.4,1.15,6,9.78,9.4,1.2,0.55,1.3,2.04,,,,5.52,2.15,5.42,,2.1,
south georgia,2,3,1926,501,f,19.3,,3.8,4,4.2,7.95,,,0.98,5.4,8.85,8.7,0.6,0.55,,1.48,2.25,2.32,0.56,5.07,2.08,,,,
south georgia,2,3,1926,502,f,22.74,,4.25,,4.85,9.6,1.1,5.47,1.15,6.45,10.5,10.06,0.65,0.6,1.4,1.8,,,,,,,,2.45,
south georgia,2,4,1926,504,f,21.75,,4.24,4.7,4.8,9.15,1,,1.11,5.88,9.53,,0.55,,1.45,1.74,2.36,2.41,0.64,,,,,,
south georgia,2,4,1926,505,m,19.4,,3.75,,4.1,8.2,0.96,4.9,0.9,5.2,8.3,8.7,1.5,0.5,1.1,1.62,2.26,2.34,0.55,4.9,2.1,,,1.85,
south georgia,2,4,1926,506,m,20.05,,3.75,4,4.18,8.3,1,4.55,0.95,5.38,8.9,8.5,1.39,0.48,1.5,1.8,2.5,2.55,0.58,5.05,2.23,,,1.9,
south georgia,2,4,1926,507,m,18.6,,3.5,3.7,3.88,7.85,,4.37,0.89,5.1,8.15,8.25,1.4,0.5,1.15,1.4,2.08,2.22,0.5,4.75,2.01,,,1.78,
south georgia,2,4,1926,508,f,20.1,,3.8,,4.15,8.25,0.96,5,0.9,5.9,9.1,8.9,0.7,0.45,1.3,1.5,2.33,2.39,0.56,5.5,2.1,,,1.75,
south georgia,2,4,1926,509,m,20.25,,4,4.1,4.25,,1.03,4.92,1.05,5.7,9.2,9,1.53,0.56,1.2,,,,,,,,,1.85,
south georgia,2,5,1926,511,m,20,,3.65,,4,8.2,1.03,5.13,0.96,5.6,9.2,8.85,1.4,0.46,1.1,1.63,2.25,2.3,0.55,4.95,2.1,,,1.92,
south georgia,2,5,1926,512,m,17.7,,3.1,3.19,3.45,7,0.81,4.33,0.85,5.15,8.45,8.4,1.2,0.37,0.95,1.3,,,,,,,,1.55,
south georgia,2,6,1926,513,m,19.2,,3.6,3.85,3.99,8.17,1.03,4.8,1.08,5.35,8.7,8.6,1.45,0.47,1.4,1.8,2.4,2.44,0.58,4.85,2.18,,,1.9,
south georgia,2,6,1926,514,f,20.95,,4,4.28,4.45,8.85,1,5.3,1,6,9.4,9.25,0.63,0.51,1.2,1.83,2.42,2.47,0.57,5.45,2.32,,,1.9,
south georgia,2,6,1926,515,m,18.75,,3.35,3.72,3.86,7.6,0.89,4.5,1,5.15,8.25,8.1,1.45,0.52,1.2,1.49,,,,,,,,1.8,
south georgia,2,6,1926,518,m,22.4,,4.75,4.84,5,10,1.16,5.3,1.14,6.07,9.45,9.3,1.78,,1.4,1.96,2.8,2.85,0.65,6.15,2.38,,,1.9,
south georgia,2,6,1926,519,m,21.9,,4.37,,4.77,9.4,1.12,5.1,1.03,5.95,9.7,9.3,1.15,0.61,1.4,1.83,2.58,2.62,0.65,5.85,2.31,,,2.1,
south georgia,2,6,1926,520,m,20,,3.75,4.07,4.24,8.3,0.87,4.97,1.02,5.75,9.25,8.9,1.6,0.47,1.4,1.6,2.19,2.28,0.62,5.2,2.11,,,1.85,
south georgia,2,6,1926,521,f,21.25,,4.8,,5.1,9.2,1.02,5.03,1.02,5.7,9.35,8.4,0.6,0.46,1.2,,,,,6.1,2.4,,,2,
south georgia,2,7,1926,522,f,20.8,,4,,4.5,,1,,1,5.9,9.45,,0.45,,,,2.35,2.4,0.55,5.4,2.15,,,,
south georgia,2,7,1926,523,f,21.7,,4.15,,4.55,8.6,1.02,5.6,1,6.35,9.85,9.65,0.7,0.48,1.2,1.6,2.2,2.25,0.55,5.4,2.35,,,1.95,
south georgia,2,7,1926,524,m,21.3,,4.2,,4.7,,,4.8,1.08,5.7,,8.65,1.4,0.47,1.39,,,,,,,,,2.1,
south georgia,2,7,1926,525,m,18,,3.42,3.7,3.8,7.25,,,0.92,5.35,8.2,,0.85,,,1.5,2.1,2.15,0.53,4.6,1.94,,,,
south georgia,2,7,1926,526,m,21.05,,4.15,4.41,4.65,8.9,1.08,4.9,1.04,5.65,9.3,9.1,1.55,0.5,1.4,1.68,2.37,2.42,0.63,5.55,2.33,,,1.9,
south georgia,2,7,1926,527,m,20.4,,3.95,3.96,4.24,,1.02,5.15,1.07,6,9.75,9.5,1.6,0.51,1.1,1.65,2.35,2.45,0.59,5,2.24,,,1.82,
south georgia,2,7,1926,529,f,22.4,,4.55,4.62,4.83,,1.11,5.55,1.06,6.27,10.2,10,0.88,0.53,1,,,,,,,,,,
south georgia,2,8,1926,530,f,22.75,,4.65,4.95,5.1,9.9,1.11,,1.07,6.2,10.1,,0.65,,,1.9,2.6,2.7,0.67,,,,,,
south georgia,2,8,1926,531,f,21.25,,4.5,,4.7,9.1,1.02,5.05,1,5.65,,9,0.62,0.37,1,1.5,2,,,,,,,1.95,
south georgia,2,9,1926,533,m,21.55,,4,,4.55,8.85,1.02,5.1,1.03,5.9,9.73,9.1,1.2,0.3,1.4,,2.25,2.32,0.61,5.47,2.34,,,,
south georgia,2,9,1926,535,f,22.9,,4.46,4.65,4.88,9.26,1.08,,,,,,0.75,0.5,1.4,1.66,2.4,2.42,0.65,5.9,2.39,,,,
south georgia,2,9,1926,536,m,21,,4.37,4.63,4.74,9.25,1,,1.16,5.9,9.65,,1.05,,1.3,1.86,2.35,,0.69,5.75,2.26,,,,
south georgia,2,9,1926,537,m,19.7,,3.96,4.2,4.37,9,1.07,4.45,0.95,5.2,8.55,8.2,1.75,0.56,1.1,1.84,2.37,2.44,0.67,,2.15,,,,
south georgia,2,9,1926,538,m,20.45,,4.15,4.45,4.56,8.8,1.07,4.93,0.99,5.7,9.15,,1.5,0.48,1.1,1.71,2.33,2.36,0.59,5.57,,,,2.05,
south georgia,2,9,1926,539,f,22.5,,4.1,4.3,4.5,8.8,1.05,5.73,1.06,6.7,10.4,10.45,0.65,0.61,1.4,1.9,,,,5.4,2.5,,,2.3,
south georgia,2,9,1926,540,m,19.5,,3.6,4.06,4.17,8,0.89,4.9,1,5.55,9.1,8.8,1.5,0.51,1.2,1.75,,,,,,,,1.9,
south georgia,2,9,1926,541,f,22.5,,4.45,4.7,4.84,9.5,1.08,5.58,1.09,6.65,10.5,10.2,0.8,0.41,1.2,2,2.7,2.78,0.65,5.75,2.56,,,2,
south georgia,2,9,1926,542,m,19.65,,3.75,4.1,4.18,8.15,0.99,4.7,1,5.5,8.9,8.7,1.55,0.58,1,1.5,,,,,,,,1.7,
south georgia,2,10,1926,543,m,19.7,,3.85,,4.25,8.4,0.96,,0.95,5.65,8.7,,1,,,,2.2,2.28,0.58,5,2.2,,,,
south georgia,2,10,1926,544,f,16.2,,3.15,3.36,3.5,6.8,0.8,4,0.8,4.7,7.45,7.3,0.52,0.38,1.1,1.4,,,,,,,,1.6,
south georgia,2,10,1926,545,m,19.5,,3.8,4.05,4.19,8.1,0.97,4.8,0.9,5.6,,8.77,1.3,0.46,1.22,1.55,,,,,,,,1.8,
south georgia,2,10,1926,546,m,20.35,,4.1,,4.55,9.35,1.13,4.45,1,5.3,8.85,8.45,1.5,0.47,1.4,1.85,2.6,2.68,0.6,5.35,,,,2.02,
south georgia,2,10,1926,547,f,21.85,,4.15,,4.45,9.1,1.15,5.6,1.1,6.55,10,10.05,0.7,0.7,1.7,1.88,,,,,,,,2.4,
south georgia,2,11,1926,548,f,21,,4,,4.45,8.8,0.98,,1.1,6.3,9.58,,0.65,,,1.65,2.24,2.35,0.57,5.25,2.32,,,,
south georgia,2,11,1926,549,f,21.45,,4.3,4.6,4.67,9,1.07,5.2,0.98,5.9,9.45,9.2,0.6,0.56,1.2,1.67,2.26,2.34,0.62,5.68,2.31,,,1.77,
south georgia,2,11,1926,550,m,19.1,,3.9,4.2,4.39,8.24,0.99,4.55,0.9,5.3,8.5,8.4,1.3,0.48,1.3,1.58,,,,,2.33,,,1.8,
south georgia,2,11,1926,551,m,20.7,,3.89,4.2,4.37,8.6,1,5.13,0.96,5.9,,9.85,1.65,0.51,1.2,1.87,,,,,,,,1.99,
south georgia,2,12,1926,552,m,19.75,,3.95,,4.28,8.34,0.94,,1.15,5.3,8.8,,1.2,,,1.68,2.2,2.24,0.53,5.1,2.14,,,,
south georgia,2,12,1926,553,m,21.6,,4.28,4.37,4.63,8.98,1,5,1.13,6,9.45,9.35,1.45,0.52,1.2,1.7,,,,5.5,2.25,,,1.9,
south georgia,2,12,1926,555,m,19.6,,4.3,4.54,4.71,9.2,1.06,4.7,1,5.4,,8.4,1.4,0.53,1.4,1.8,2.4,2.48,0.59,5.7,,,,1.9,
south georgia,2,12,1926,556,m,20.6,,3.8,4.1,4.28,8.8,1,,1.05,5.8,9.3,8.6,1.55,,1.3,2,2.5,2.54,0.62,5.2,2.26,,,1.9,
south georgia,2,13,1926,558,m,21.1,,4.25,4.45,4.6,9.1,0.97,5.02,0.98,5.7,9.25,9.1,1.2,0.41,1,1.87,2.45,2.56,0.5,5.47,2.24,,,2.05,
south georgia,2,13,1926,559,m,22.08,,4.7,4.74,4.9,9.57,1.12,5.15,0.98,6.07,9.9,9.5,1.53,0.57,1.3,1.88,2.55,2.64,0.68,5.88,2.6,,,1.95,
south georgia,2,13,1926,560,f,21.15,,4.5,4.8,5,9.05,1.04,5.1,1.02,5.8,9.2,8.75,0.6,0.53,1.1,1.68,2.2,2.3,0.64,6,2.35,,,2,
south georgia,2,13,1926,561,m,20.5,,3.2,3.65,3.9,8.13,1,5.03,0.96,6,9.65,,1.17,0.45,1.2,1.75,2.4,2.48,0.59,4.75,2.2,,,,
south georgia,2,13,1926,562,m,20.4,,3.7,4,4.3,8.6,1.1,4.85,1.04,5.9,9.46,9,1.4,0.52,1.2,1.79,2.34,2.39,0.63,5.2,2.29,,,1.7,
south georgia,2,13,1926,563,f,22.3,,4.53,4.95,5.08,9.5,0.98,5.78,1.06,6.7,10.55,10.15,0.7,0.53,1.35,1.75,,,,6.05,2.46,,,1.9,
south georgia,2,13,1926,564,m,20.8,,4.36,,4.75,8.95,1.1,,1.02,5.8,9.5,,1.1,0.5,1.2,1.5,2.2,2.28,0.6,5.65,2.28,,,,
south georgia,2,13,1926,565,f,22.6,,4.3,,4.75,9.2,1.16,5.7,1.15,6.33,10.2,9.7,0.71,0.52,1.1,1.7,2.46,2.53,0.62,5.85,2.39,,,2.2,
south georgia,2,13,1926,566,f,21.65,,4,,4.55,8.9,,5.38,1,6.25,9.9,10,0.65,0.54,1.17,1.8,2.52,2.59,0.53,5.3,2.33,,,1.9,
south georgia,2,14,1926,573,m,19.8,,3.9,,4.05,8.75,0.97,,0.98,5.3,8.75,,1.1,0.51,0.87,1.52,2.32,2.36,0.63,5.3,2.38,,,,
south georgia,2,14,1926,574,m,21,,4.1,4.3,4.4,8.82,1,5.3,1.03,5.2,9.85,9.6,1.5,0.67,1.5,1.64,2.45,2.55,0.61,5.4,2.3,,,1.85,
south georgia,2,14,1926,575,f,21,,4.4,,4.76,9.83,1.11,5.23,0.97,5.75,9.24,9.5,0.55,0.53,1.4,1.88,,,,5.75,2.38,,,2,
south georgia,2,14,1926,576,m,20.3,,3.7,3.88,4,8,0.98,,0.97,5.85,9.2,,1.25,,,1.6,,,,,,,,,
south georgia,2,14,1926,577,m,20.6,,4.1,4.25,4.45,9,1.05,4.83,0.94,5.8,9.45,9.2,1.4,0.48,1.2,1.73,2.4,2.5,0.6,5.35,2.28,,,1.65,
south georgia,2,15,1926,579,m,20,,3.8,4.14,4.35,8.3,1,4.8,0.98,5.55,8.99,8.9,1.4,0.51,1.1,1.68,,,,5.12,2.29,,,1.95,
south georgia,2,15,1926,585,f,22.55,,4.25,4.65,4.7,9.6,,5.1,1.2,6.4,10.15,9.95,0.55,0.52,1.5,2.2,,,,,,,,2.35,
south georgia,2,15,1926,586,m,19.3,,3.65,,4.05,8.1,,4.46,0.9,5.25,8.75,8,1.45,,1.5,1.65,,,,4.94,2.03,,,1.75,
south georgia,2,15,1926,587,f,20.7,,3.9,4.1,4.28,8.44,1.07,5.18,0.97,5.8,9.2,9,0.6,0.45,1,1.92,2.26,2.31,0.54,,,,,1.87,
south georgia,2,15,1926,588,f,22.9,,4.54,4.74,4.87,9.6,1.06,,1.25,6.4,10.1,,0.67,,,1.7,2.52,2.6,0.68,,,,,,
south georgia,2,15,1926,589,m,21.6,,4.27,,4.7,9.3,1.09,5.22,1.07,6.2,9.9,,1.3,0.46,1.1,1.6,,,,,,,,,
south georgia,2,15,1926,590,m,20.2,,3.6,,4.15,8.1,,5.15,1.04,5.6,9.4,9.2,1.35,0.6,1.2,1.75,,,,,,,,2.05,
south georgia,2,16,1926,600,m,18.53,,3.55,3.64,3.92,7.73,0.93,4.3,0.95,5.1,8.15,8.05,1.45,0.47,1.1,1.5,2,2.1,0.5,4.65,2.2,,,1.95,
south georgia,2,16,1926,601,m,21.3,,4.3,,4.67,9.4,1.03,5.33,1.02,5.85,9.5,9.45,1.55,0.54,1.22,1.98,,,,,,,,2.2,
south georgia,2,18,1926,602,m,21.75,,4.2,,4.75,9,0.98,,1,5.6,8.9,,1.15,0.51,1.1,1.55,2.27,2.31,0.58,5.45,,,,,
south georgia,2,18,1926,603,f,20.3,,3.87,4.1,4.24,8.36,1.06,4.85,0.98,5.7,9.2,8.9,0.7,0.49,0.9,1.65,2.16,2.21,0.53,5.2,2.24,,,1.8,
south georgia,2,18,1926,604,f,15.2,,2.7,2.88,3.05,6.1,0.73,3.9,0.7,4.6,7.05,7,0.4,0.42,0.75,1.28,1.68,1.72,0.39,,,,,1.4,
south georgia,2,18,1926,606,m,20.4,,4.07,4.26,4.4,8.6,1,4.9,1.03,5.8,9.25,9.1,1.5,0.51,1.35,1.64,2.19,2.25,0.6,5.4,2.16,,,1.97,
south georgia,2,18,1926,607,m,19.73,,3.47,3.8,3.94,8.1,0.95,4.7,1,5.74,9.3,8.9,1.56,0.49,0.9,1.64,2.2,2.28,0.53,4.85,2.16,,,1.8,
south georgia,2,18,1926,609,m,20.1,,3.7,4.02,4.25,8.13,0.95,5.1,1.02,5.7,9.4,9.2,1.23,0.58,1.2,1.42,2.2,2.26,0.54,5.13,2.24,,,1.9,
south georgia,2,18,1926,610,f,22.2,,4.6,5,5.14,9.6,1.08,5.29,1.07,6.35,9.8,9.7,0.45,0.49,1.27,1.75,2.37,2.44,,,,,,2,
south georgia,2,19,1926,611,m,20.5,,3,,4.3,8.45,,,1,5.8,9,,1,,,,2.25,2.37,0.58,5.25,2.1,,,,
south georgia,2,20,1926,618,f,18.5,,3.5,3.65,3.84,7.88,,4.9,0.9,5.7,9.17,8.75,0.5,0.4,1,1.65,,,,,,,,1.7,
south georgia,2,22,1926,619,m,18.7,,3.6,3.95,4.03,8.07,0.92,4.7,0.92,5.55,8.7,,0.85,0.5,1.05,1.78,2.3,2.36,0.54,4.85,2.1,,,1.8,
south georgia,2,22,1926,621,f,21.7,,3.9,4.16,4.27,8.45,1,5.25,1.03,6.35,9.8,9.85,0.4,0.45,1.55,1.8,2.15,2.28,0.6,5.15,2.26,,,1.95,
south georgia,2,22,1926,622,m,20.2,,3.57,3.9,4.05,8.25,0.98,5,1.03,5.7,9.5,9.47,1.5,0.52,1.37,1.7,2.24,2.3,0.57,4.9,2.21,,,2.03,
south georgia,2,24,1926,624,m,19.45,,3.5,3.9,4,8.25,0.9,,0.96,5.3,8.55,,1,0.48,1,1.82,2.2,2.27,,4.85,2.1,,,,
south georgia,2,24,1926,626,f,22.47,,4.6,,5.05,9.55,1.14,5.1,1,6.2,9.7,9.7,0.8,0.53,1.25,1.8,2.34,2.4,0.6,6.15,2.34,,,1.95,
south georgia,2,24,1926,627,m,21.6,,4.25,4.45,4.7,9.2,1.04,5.16,1.08,6,9.7,10.1,1.55,0.56,1.4,1.9,,,,,,,,1.9,
south georgia,2,25,1926,629,m,19.75,,3.7,4.04,4.1,8.24,1.02,5.18,0.98,5.8,9.18,8.9,1.45,0.54,1.1,1.77,2.23,2.32,0.54,5.44,2.13,,,1.74,
south georgia,2,25,1926,630,m,20.55,,3.9,4.18,4.57,8.55,0.96,5.07,1.03,6,9.65,9.4,1.35,0.48,1.08,1.7,,,,5.17,2.26,,,1.8,
south georgia,2,25,1926,631,m,19.3,,3.78,4.06,4.24,8.4,0.94,4.7,0.94,5.3,9,8.8,1.6,0.46,1.1,1.82,2.2,2.27,0.61,5.1,2.13,,,1.85,
south georgia,2,25,1926,632,f,19.2,,3.56,3.8,4.1,8.1,1.06,4.7,0.94,5.45,8.7,8.5,0.55,0.56,1.2,1.66,2.13,2.2,0.56,5.07,,4.95,,1.65,
south georgia,2,25,1926,633,m,16.9,,3,3.3,3.47,7,0.82,4.07,0.85,4.97,7.85,7.7,1.12,0.35,1,1.42,,,,,,,,1.5,
south georgia,2,27,1926,634,f,22.24,,4.42,,4.8,9.6,,,1.16,6.76,9.47,,0.67,0.56,1.15,1.98,,,0.6,,,,,,
south georgia,2,27,1926,635,m,21.25,,4.1,4.5,4.65,9.65,1.02,,1.1,5.9,9.4,,1.2,0.56,1.05,1.9,2.52,2.61,0.61,5.6,2.38,,,,
south georgia,3,1,1926,636,f,21.3,,,,,,,,1.15,,,,,,,,,,,5.5,,,,,
south georgia,3,6,1926,672,f,20,,4.05,,4.4,8.5,1,4.95,0.9,5.55,9.1,8.9,0.65,0.5,0.9,1.6,2.18,2.24,,5.2,2.15,,,1.9,
south georgia,3,8,1926,674,m,20,,3.7,4.17,4.16,7.9,,,1.05,5.15,,,1,,,,,,,,,,,,
south georgia,3,8,1926,675,f,22.2,,4.15,,4.62,8.95,1.05,5.3,1.1,6.1,9.55,9.6,0.63,0.44,1.5,,,,,,,,,2.05,
south georgia,3,11,1926,677,f,16,,2.6,2.82,2.9,6.3,0.72,3.8,0.88,4.8,7.7,7.3,0.5,0.4,1,,1.7,,0.5,3.85,1.9,,,,
south georgia,3,12,1926,678,f,16.3,,2.85,,3.3,6.65,,,0.85,4.95,7.64,,0.32,,,1.34,1.8,1.83,0.45,4,1.76,,,,
south georgia,3,12,1926,679,m,15.9,,2.65,2.9,3.03,6,0.72,4,0.75,4.65,7.7,7.4,1.2,0.33,1.1,1.2,1.67,1.68,0.44,3.65,1.8,,,1.3,
south georgia,3,12,1926,680,m,20.4,,4.05,,4.57,8.65,1.03,4.55,1.08,5.4,9.15,8.8,1.5,,1.4,1.55,,,,,,,,,
south georgia,3,13,1926,682,m,19,,3.45,3.9,3.94,7.9,0.92,4.7,0.94,5.4,8.7,8.5,1.45,0.53,1,1.73,,,,4.7,1.92,,,1.9,
south georgia,3,13,1926,683,m,17.8,,3.3,3.55,3.68,7.2,0.85,4.45,0.89,5.15,8.35,8.2,1.35,0.44,1.13,1.53,,,,,,,,1.6,
south georgia,3,14,1926,685,m,19.7,,3.55,3.96,4.1,8.1,0.92,4.7,0.92,5.4,8.85,8.6,1.55,0.43,1.1,1.57,,,,4.85,2.26,,,,
south georgia,3,14,1926,686,f,20,,3.7,4,4.1,8.1,,5.2,1.02,5.85,9.4,9,0.7,0.55,1.2,,2.22,2.27,0.55,5,2.11,,,,
south georgia,3,14,1926,687,f,14.8,,2.4,,2.8,5.87,,4.25,,4.7,7.1,6.9,0.4,0.42,0.9,,,,,,,,,,
south georgia,3,14,1926,689,m,16.25,,2.15,,3,6.4,0.73,4.3,0.85,4.9,7.7,7.47,1.15,0.37,1,1.4,1.67,2,0.42,3.8,1.7,,,1.48,
south georgia,3,14,1926,690,f,16.55,,2.15,3,3.05,6.55,0.8,4.1,1.1,5,7.75,8,0.45,0.36,1.1,,1.7,1.76,0.4,4.07,1.9,,,1.45,
south georgia,3,14,1926,691,f,17.15,,2.9,3.15,3.3,6.9,0.84,4.4,0.9,4.9,8,7.6,0.7,0.4,0.75,1.35,1.88,1.96,0.48,4.25,2.1,,,1.7,
south georgia,3,14,1926,692,f,15.2,,2.4,,2.55,,0.7,4.3,0.79,5,7.6,7.32,0.45,0.35,0.8,1.17,1.7,1.76,0.4,,,,,1.4,
south georgia,3,15,1926,693,f,21.45,,,,,,,,1.03,6.15,8.8,,0.5,,,,,,,5.35,2.35,,,,
south georgia,3,15,1926,694,m,20.1,,4.2,,4.68,8.9,0.85,4.6,0.93,5.4,9,,1.1,0.39,1.5,1.8,2.45,2.49,,5.75,2.35,,,2,
south georgia,3,19,1926,696,m,18.35,,3.3,3.55,3.67,7.2,0.85,4.77,0.9,5.6,9,8.7,1.4,0.36,1,1.45,,,,,,,,1.6,
south georgia,3,20,1926,697,f,19.9,,3.8,,4.3,8.3,1,4.9,0.87,5.4,8.9,8.5,0.45,0.52,1.05,1.85,2.37,2.42,0.55,5.2,2.24,,,2.2,
south georgia,3,20,1926,699,f,21.4,,4.1,,4.65,8.8,1.03,5.3,1.1,6,9.9,9.1,0.55,,1.27,1.5,,,,5.7,2.55,,,2.15,
south georgia,3,20,1926,700,f,18.6,,3.2,,3.7,7.3,0.83,,0.86,5.3,8.5,,0.45,,,1.45,1.95,2,0.51,4.55,2.3,,,,
south georgia,3,20,1926,701,m,19.9,,3.7,4,4.1,8.15,1.06,4.65,1.05,5.5,8.8,8.65,1.3,0.45,1.1,1.65,2.35,2.1,0.58,5.05,2.4,,,1.85,
south georgia,3,22,1926,705,m,14.7,,2.45,2.77,2.82,6,0.76,3.7,0.79,4.4,7.2,6.85,1.25,0.38,0.75,1.2,1.68,1.7,0.44,3.58,1.54,,,1.3,
south georgia,3,22,1926,706,m,20.2,,3.6,4.05,4.15,8.1,0.93,5.2,0.97,6,9.45,9.2,1.4,0.48,1.2,1.65,2.24,2.3,0.57,5.25,2.16,,,2,
south georgia,3,22,1926,707,m,20.35,,4.18,4.35,4.45,8.65,1.07,5.25,0.98,6.1,9.45,9.3,1.4,0.57,1.05,1.52,,,,,,,,1.9,
south georgia,3,23,1926,708,f,20.05,,3.8,,4.13,8.3,0.97,,0.98,5.65,8.95,,0.55,,,1.65,2.25,2.29,0.6,5.2,2.35,,,,
south georgia,3,23,1926,709,m,21,,4,4.3,4.3,8.5,1.03,4.85,1.06,5.85,9.6,9.3,,0.55,1.1,1.75,2.34,2.42,0.58,5.45,2.35,,,1.9,
south georgia,3,23,1926,710,f,16.35,,2.7,2.85,2.95,6.25,0.83,4,0.85,4.8,7.6,7.5,0.5,0.6,0.8,1.2,1.62,1.73,0.45,,,,,1.4,
south georgia,3,23,1926,711,f,16.2,,2.6,,3,6.2,,,0.82,4.75,7.3,,0.35,,,1.1,1.66,1.71,0.41,3.9,1.83,,,,
south georgia,3,23,1926,713,f,18.85,,3.55,3.8,3.9,7.75,0.94,4.55,0.91,4.9,8.2,8,0.5,0.5,1,1.4,,,,4.9,2.13,,,1.9,
south georgia,3,23,1926,714,f,21.5,,4.2,,4.67,9,0.97,5,1.04,5.9,9.3,8.8,0.5,0.6,1.1,1.75,,,,,,,,1.9,
south georgia,3,23,1926,715,m,14.2,,2.15,2.35,2.4,5.25,0.65,,0.8,4.45,7,,0.65,0.45,0.8,1.1,1.58,1.59,0.44,,,,,,
south georgia,3,24,1926,717,f,19.45,,3.7,3.95,4.04,8,0.93,4.85,0.9,5.65,9,8.8,0.6,,1,1.74,2.2,2.25,0.54,4.9,2,,,1.75,
south georgia,3,24,1926,719,m,17.35,,3.35,3.55,3.72,7.2,0.86,4.35,0.84,5.35,8.55,8.4,1.35,0.41,0.9,1.53,,,,,,,,1.4,
south georgia,3,25,1926,721,f,21,,3.9,,4.45,8.65,1,4.8,1.1,5.65,9.4,9,0.55,0.46,1.05,1.7,2.3,2.34,0.58,5.35,2.23,,,,
south georgia,3,25,1926,722,m,15.75,,3,,3.35,7,0.95,4.39,1.08,4.5,7.25,7.35,1.3,0.44,1.02,1.47,1.85,1.9,0.47,4.1,1.71,,,1.4,
south georgia,3,25,1926,723,m,21.5,,4.1,,4.35,8.6,1.02,5.55,,6.3,10.1,9.9,1.5,0.51,1.36,1.8,1.8,1.83,0.5,5.35,2.31,,,2.1,
south georgia,3,25,1926,724,f,23.1,,4,,4.8,9.35,1.08,5.65,1.1,6.2,10.1,10.35,0.6,0.55,1.05,1.75,2.35,2.44,0.62,5.9,2.31,,,1.82,
south georgia,3,25,1926,725,m,20.1,,3.9,4.25,4.3,8,1.01,5,1.2,5.65,9.4,9,1.45,0.52,1.11,1.57,2.2,2.29,0.56,5.3,2.1,,,1.9,
south georgia,3,26,1926,727,f,20.95,,4.2,,4.47,8.9,1.05,5.25,1.05,5.8,9.5,9.2,0.65,0.42,1.12,1.6,2.25,2.3,0.61,5.65,2.46,,,2,
south georgia,3,27,1926,728,m,20.25,,3.7,,4.05,8.2,0.9,4.9,1,6.05,9.8,,1,0.5,1.1,1.7,2.2,2.25,0.56,5.05,2.21,,,,
south georgia,3,29,1926,729,m,20.6,,3.9,,4.4,8.7,1.05,4.8,1.1,5.6,9.1,9,1.6,,1.1,1.85,2.45,,0.62,,,,,2.1,
south georgia,3,29,1926,730,m,19.8,,3.8,,4.4,8,0.9,4.95,1,5.55,9.08,9,1.4,0.6,1.3,1.65,2.15,2.22,0.55,5.25,2,,,1.9,
south georgia,3,29,1926,731,f,18.7,,3.75,3.9,3.95,7.9,0.94,4.55,0.95,5.15,8.3,8.3,0.55,0.5,1.2,1.85,,,,,,,,1.8,
south georgia,3,29,1926,732,f,21.9,,4.7,,5.2,9.7,1.2,5.25,1.08,6,9.6,9.3,0.7,,1.08,2,2.65,2.7,0.63,6.3,2.61,,,2.4,
south georgia,3,29,1926,733,f,18,,3.4,,3.9,7.5,0.95,4.3,0.92,5,7.9,,0.5,0.4,1,1.55,2.08,2.15,0.56,4.7,2.04,,,,
south georgia,3,29,1926,734,m,16.8,,3,3.3,3.35,6.55,0.83,4,0.9,4.85,,7.8,1.15,0.45,1.05,1.37,1.86,1.9,0.46,,,,,1.5,
south georgia,3,29,1926,735,f,18.25,,3.35,,3.8,7.25,0.9,4.3,0.83,4.95,8.1,8.05,0.6,0.45,0.85,1.4,1.85,1.92,0.48,4.65,2.01,,,1.6,
south georgia,3,29,1926,736,f,20.2,,3.7,,4.2,8.15,1,5,1.1,5.7,9.2,9,0.7,0.37,0.85,1.65,2.2,2.25,0.59,5.1,2.36,,,1.8,
south georgia,3,29,1926,738,m,21,,4,,4.4,8.55,1.03,5.05,1.1,6,9.45,9.35,1.4,0.67,1.35,1.65,2.25,2.33,0.6,5.4,2.06,,,2.15,
saldanha bay,6,15,1926,741,f,16.77,,3.1,3.45,3.47,7.1,0.83,4.2,0.91,4.8,7.45,7.1,0.5,0.41,1,1.42,1.91,1.95,,4.3,1.66,,,1.38,
saldanha bay,6,15,1926,742,f,16.85,,2.97,3.3,3.36,6.57,0.77,4.2,0.79,4.48,7.25,7,0.47,0.39,1,1.3,1.7,1.75,0.45,4.18,1.73,,,1.35,
saldanha bay,6,15,1926,743,m,13.92,,2.29,,2.6,5.72,0.7,3.45,0.75,4.25,6.7,6.55,1.02,0.33,0.85,1.28,1.72,1.76,0.41,3.18,1.41,,,1.3,
saldanha bay,6,15,1926,744,m,15.5,,2.9,,3.33,6.5,0.78,3.87,0.81,4.6,7.25,7,1.3,0.45,0.78,1.3,1.88,,0.43,,1.63,,,1.15,
saldanha bay,6,15,1926,745,m,13.9,,2.32,2.6,2.65,5.45,0.72,3.58,0.77,4.28,6.7,6.6,1.09,0.26,0.87,1.15,,,,,,,,1.2,
saldanha bay,6,16,1926,749,m,15.5,,2.5,2.85,3,6,,3.75,0.8,4.8,7.5,7.1,1,0.28,,1.15,1.8,1.87,0.47,,1.76,,,1.4,
saldanha bay,6,16,1926,750,m,17.15,,3.3,3.7,3.77,7.35,0.83,4.35,0.85,4.9,7.9,7.65,1.3,0.36,0.9,1.45,,,,4.6,,,,1.5,
saldanha bay,6,16,1926,751,m,15.75,,2.7,3.04,3.1,,0.75,4.05,0.85,4.85,7.65,7.2,1.2,0.39,1,,,,,,1.74,,,1.35,
saldanha bay,6,17,1926,752,m,16.6,,,3.4,3.46,6.5,0.86,,0.9,5.05,,,0.65,,,1.24,,,,4.25,,,,,
saldanha bay,6,17,1926,755,f,16.5,,3,3.48,3.52,6.9,0.8,3.78,0.88,4.95,8.1,7.7,0.45,0.49,1.13,1.35,1.9,1.92,0.48,,,,,1.3,
saldanha bay,6,20,1926,762,f,17.1,,3.05,3.45,3.55,7.1,0.83,4.05,0.78,4.9,7.5,7.4,0.45,0.38,0.9,1.4,1.9,1.99,0.47,4.35,1.86,,,1.5,
saldanha bay,6,20,1926,765,f,20.85,,3.67,4.15,4.25,8.6,0.97,5.15,1,6.05,10,9.6,0.6,0.39,0.9,1.7,2.3,2.42,0.54,5,2.2,,,1.8,
saldanha bay,6,22,1926,771,m,16.5,,3.05,3.25,3.37,6.7,0.76,,0.79,5,7.6,,0.75,,,1.32,1.84,1.9,0.44,3.95,1.6,,,,
saldanha bay,6,22,1926,772,m,15.45,,2.7,3.05,3.16,6.45,0.7,3.8,0.81,4.65,7.45,7.3,1.25,0.32,0.9,1.4,1.82,1.9,0.43,3.9,1.6,,,1.23,
saldanha bay,6,22,1926,775,f,21.7,,4.2,4.4,4.53,8.94,1.05,5.5,1.01,6.5,9.75,9.75,0.7,0.5,1,1.75,2.46,2.49,,5.5,,,,1.85,
saldanha bay,6,23,1926,778,f,17.75,,3.4,3.65,3.8,7.45,0.82,,0.9,4.95,8.05,,0.4,,,1.57,2.1,2.14,,4.45,2,,,,
saldanha bay,6,23,1926,780,m,17.1,,2.9,3.35,3.42,6.9,0.84,4.33,0.84,5.3,8.1,7.9,1.01,0.41,1.2,1.37,2,2.05,0.5,4.23,1.65,,,1.5,
saldanha bay,6,24,1926,782,m,15.6,,3,3.17,3.21,6.55,0.78,,0.8,4.65,7.27,,0.64,,,1.3,1.78,1.84,0.45,3.9,,,,,
saldanha bay,6,24,1926,783,m,16.5,,3.1,3.2,3.35,6.7,0.84,4.07,0.8,4.7,7.55,7.15,1.2,0.39,0.8,1.43,,,,4.13,,,,1.35,
saldanha bay,6,24,1926,784,f,17.65,,3.25,3.57,3.68,7.35,0.85,4.47,0.9,5.45,,8.4,0.35,0.41,1.1,1.48,,,,,,,,1.52,
saldanha bay,6,24,1926,786,m,14.48,,2.7,2.96,3.09,6,0.74,3.53,0.7,4.2,6.7,6.5,1.1,0.28,0.55,1.14,1.58,1.67,0.4,3.72,1.48,,,1.04,
saldanha bay,6,24,1926,788,f,15.95,,3,3.35,3.4,6.8,0.76,,0.92,4.85,7.8,,0.33,,,1.42,1.83,1.89,0.46,,,,,,
saldanha bay,6,25,1926,789,m,16.45,,3.1,3.2,3.3,6.87,0.87,,0.82,5.18,8,,0.68,,,1.35,1.87,1.93,0.47,4.1,1.8,,,,
saldanha bay,6,25,1926,790,m,16.5,,2.94,3.16,3.29,6.7,0.85,4.15,0.85,4.89,7.86,7.58,0.99,0.46,1.2,1.4,1.95,1.98,0.5,4.05,,,,1.47,
saldanha bay,6,25,1926,791,m,15.1,,2.54,2.79,2.9,7.96,0.74,3.95,0.88,4.7,7.35,7.28,1.08,,0.8,1.32,,,,,,,,1.3,
saldanha bay,6,25,1926,792,f,18.5,,3.85,4.2,4.23,8.1,0.98,,0.93,5.35,8.4,,0.35,,,1.67,,,,5.12,2.15,,,,
saldanha bay,6,26,1926,795,m,15.6,,2.8,2.95,3.04,6.28,,,0.82,4.8,8.17,,0.85,,,1.25,1.79,1.83,0.46,3.62,1.66,,,,
saldanha bay,6,26,1926,796,m,15.25,,2.7,2.94,3.08,6.2,0.74,3.85,0.73,4.3,7.27,7,1.18,0.37,0.8,1.25,1.81,1.86,0.44,3.74,1.52,,,1.25,
saldanha bay,6,26,1926,798,f,15.85,,2.65,2.9,3.05,6.15,0.73,4.17,0.76,4.78,7.6,7.45,0.39,0.42,0.86,1.27,1.62,1.65,0.38,3.72,1.6,,,1.32,
saldanha bay,6,26,1926,800,f,16.25,,2.9,3.05,3.16,6.42,0.72,4.42,0.86,4.8,7.5,7.2,0.4,0.36,0.93,1.34,1.68,1.71,0.41,,,,,1.3,
saldanha bay,6,27,1926,804,m,16,,2.8,3,3.16,6.5,0.83,4.23,0.9,4.7,7.43,7.3,1.23,0.43,1,1.35,1.89,1.94,0.46,3.95,1.7,,,1.46,
saldanha bay,6,27,1926,806,m,14.67,,2.6,,2.98,5.94,0.73,3.76,0.74,4.35,6.9,6.75,1.12,0.4,1.03,1.32,,,,,,,,1.4,
saldanha bay,6,28,1926,807,f,20.15,,4.12,4.45,4.46,8.35,0.93,,0.94,5.73,9.1,,0.49,0.5,0.8,1.5,2.1,2.16,,5.42,,,,,
saldanha bay,6,28,1926,808,f,15.14,,2.7,3.1,3.17,6,0.75,3.8,0.8,4.4,6.9,6.85,0.48,0.4,0.7,1.18,1.53,1.6,0.37,3.75,1.6,,,1.27,
saldanha bay,6,29,1926,815,m,16.5,,2.8,3,3.15,6.5,0.81,4.33,0.9,4.95,7.85,7.6,1.2,0.37,1.2,1.4,,,,3.84,1.53,,,1.35,
saldanha bay,6,29,1926,817,f,14.6,,2.6,2.78,2.93,5.9,0.74,3.85,0.8,4.6,6.95,6.8,0.3,0.39,1,1.2,,,,3.6,1.4,,,1.18,
saldanha bay,6,30,1926,821,m,16.1,,2.74,2.84,3.03,6.15,0.72,4.1,0.8,4.7,7.55,7.35,1.2,0.41,0.8,1.3,1.72,1.75,0.34,3.85,1.6,,,1.24,
saldanha bay,6,2,1926,831,m,18.85,,3.65,4.4,4.68,7.55,0.96,4.77,1.2,5.55,9,8.8,1.45,0.62,0.9,1.66,2.17,2.22,0.57,4.88,2.06,,,1.68,
saldanha bay,7,2,1926,832,f,15.2,,2.68,3.03,3.09,6.26,0.73,3.8,0.7,4.48,6.9,6.75,0.46,0.34,0.7,1.35,1.77,1.81,0.43,3.72,1.5,,,1.25,
saldanha bay,7,3,1926,837,m,15.55,,2.77,2.95,3.05,6.3,0.77,3.78,0.75,4.3,7.1,6.85,1.3,0.35,0.8,1.35,1.95,2.08,0.47,3.7,1.5,,,1.13,
saldanha bay,7,3,1926,839,f,14.8,,2.4,2.6,2.75,5.62,0.7,3.97,0.74,4.5,7.2,6.9,0.45,0.31,0.8,1.15,1.59,1.63,0.41,3.4,1.48,,,1.19,
saldanha bay,7,3,1926,841,f,14.23,,2.4,2.65,2.78,5.65,0.66,3.82,0.77,4.6,7,6.8,0.3,0.37,0.95,1.13,1.55,1.58,0.39,3.3,1.5,,,1.24,
saldanha bay,7,3,1926,842,f,14.9,,2.5,2.7,2.83,5.65,0.7,3.7,0.72,4.45,7,7.4,0.45,0.36,0.8,1.2,1.7,1.72,0.42,,,,,1.11,
saldanha bay,7,8,1926,852,f,14.6,,2.73,2.04,2.08,6.05,,,0.7,4.35,,,0.35,,,1.13,1.51,1.56,0.4,3.7,1.5,,,,
saldanha bay,7,8,1926,854,f,15.75,,3,3.15,3.26,6.55,0.76,3.95,0.82,4.63,7.15,7,0.49,0.46,1,1.2,1.75,1.78,0.41,,,,,1.35,
saldanha bay,7,8,1926,856,m,17.2,,3.17,3.33,3.48,7.03,0.84,4.27,0.9,5,7.8,7.95,1.25,0.48,0.9,1.38,2.02,2.1,0.48,,,,,1.4,
saldanha bay,7,9,1926,858,m,15,,2.77,2.98,3.06,6.05,0.8,3.87,0.8,4.5,7.25,7,1.3,0.32,0.9,1.22,1.7,1.7,0.43,,,,,1.2,
saldanha bay,7,9,1926,861,m,19.2,,3.78,4.12,4.18,8.25,0.98,4.7,0.9,5.3,8.8,8.45,1.4,0.46,1.25,1.75,2.35,2.5,,5.04,1.94,,,1.8,
saldanha bay,7,10,1926,865,m,15.43,,2.75,,3.05,6.2,0.79,4,0.79,4.6,,6.9,1.1,0.43,1.2,1.2,,,,,,,,1.35,
saldanha bay,7,12,1926,870,m,19,,3.8,4.12,4.28,8.37,0.95,4.66,0.96,5.45,8.8,8.2,1.35,0.51,1.1,1.7,,,,5.12,2.3,,,1.8,
saldanha bay,7,12,1926,873,m,16.6,,3.17,3.35,3.45,6.85,0.87,4.62,0.88,5,8.1,7.6,1.2,0.51,0.95,1.32,1.9,1.94,0.49,4.27,1.72,,,1.4,
saldanha bay,7,12,1926,875,f,19.2,,3.75,4.12,4.2,8.1,1,4.73,0.96,5.45,8.5,8.4,0.65,0.57,1.25,1.56,2.05,2.1,0.53,,2.05,,,1.88,
saldanha bay,7,13,1926,876,m,16.47,,2.76,3.1,3.13,6.25,0.84,,0.78,5.15,8.15,,0.45,,,1.25,1.84,1.89,0.46,3.9,1.62,,,,
saldanha bay,7,13,1926,877,f,21.6,,4.1,4.35,4.5,8.8,0.98,5.58,1.05,6.25,10.2,10,0.7,0.56,1.3,1.75,2.34,2.4,0.58,5.35,2.25,,,2.15,
saldanha bay,7,13,1926,878,f,15.3,,2.75,3,3.15,6.2,0.72,3.9,0.75,4.4,7.2,7,0.58,0.36,1,1.3,1.72,1.76,0.43,3.9,1.6,,,1.13,
saldanha bay,7,13,1926,880,f,15.55,,2.85,3.1,3.24,6.55,0.83,3.9,0.75,4.4,7.05,6.95,0.4,0.43,1.2,1.23,1.86,1.89,0.45,3.85,1.63,,,1.35,
saldanha bay,7,13,1926,881,m,14.85,,2.55,2.79,2.89,5.92,0.71,3.82,0.76,4.35,7.1,7.2,1.1,0.34,0.8,,1.56,1.62,0.41,3.4,1.6,,,1.13,
saldanha bay,7,13,1926,882,f,14.8,,2.65,2.85,2.98,,0.69,4.1,0.8,4.7,7.2,7,0.4,0.3,0.65,,,,,,,,,1.3,
saldanha bay,7,14,1926,883,f,16.45,,2.85,,3.23,5.35,,,0.75,5,7.8,,0.42,,,1.31,1.85,1.87,0.42,,,,,,
saldanha bay,7,14,1926,884,f,15.2,,2.52,2.79,2.86,5.9,0.7,4,0.8,4.75,7.5,7.3,0.5,0.41,0.9,1.09,1.85,1.88,0.39,,,,,1.2,
saldanha bay,7,14,1926,887,m,15.6,,2.75,,3.1,6.3,0.79,3.9,0.76,4.9,7.6,,,0.38,1.1,1.25,1.7,1.72,0.4,,,,,,
saldanha bay,7,25,1926,891,m,12.3,,2.22,,2.42,5,,,0.6,3.83,6.4,,0.5,,,1.05,1.42,1.45,0.35,3,1.26,,,,
saldanha bay,7,25,1926,892,m,17.4,,3.15,3.5,3.6,7.2,0.88,4.4,0.9,5.2,8.3,8,1.32,0.42,1.07,1.4,1.87,1.92,0.47,4.32,1.81,,,1.44,
saldanha bay,7,25,1926,893,m,16.88,,3.06,3.42,3.47,6.97,0.8,4.48,0.92,4.92,7.75,7.65,1.28,0.46,1,1.4,1.75,1.78,0.44,4.12,,,,1.5,
saldanha bay,7,26,1926,897,m,15.4,,2.38,2.65,2.73,5.85,0.7,,0.84,,7.35,,,,,1.17,1.65,1.74,0.41,3.5,1.4,,,,
saldanha bay,7,26,1926,898,m,20.7,,4.1,,4.45,8.7,1.05,4.9,0.98,6.15,10,9.5,1.45,0.55,1.3,1.7,2.2,2.35,,,,,,,
saldanha bay,7,27,1926,899,f,15.85,,2.82,,3.2,6.45,0.79,4.04,0.85,4.8,7.6,7.4,0.47,0.38,0.78,1.26,1.67,1.71,0.42,3.92,1.7,,,1.42,
saldanha bay,7,27,1926,902,m,14.85,,2.34,2.68,2.71,5.9,0.71,3.8,0.75,4.45,7.4,6.95,1.22,0.34,0.6,1.32,1.65,1.68,0.41,3.35,1.48,,,1.1,
saldanha bay,7,27,1926,903,f,15.25,,2.78,3.03,3.12,6.35,0.75,4,0.8,4.65,7.85,7.25,0.47,0.57,1.15,1.25,,,,,,,,1.38,
saldanha bay,8,3,1926,910,m,13.38,,,,2.48,,,,0.72,4.07,6.37,,0.74,,,1.05,1.56,1.62,0.41,3.15,1.4,3.08,,,
saldanha bay,8,3,1926,912,f,17.1,,3.35,3.6,3.78,7.17,0.77,4.05,0.85,4.65,7.8,7.55,0.5,0.42,1.1,1.48,,,,4.5,1.75,,,1.45,
saldanha bay,8,3,1926,913,f,16.1,,2.85,3.09,3.15,6.39,0.81,3.9,0.8,4.63,,7.43,0.45,0.39,1.1,1.31,1.68,1.77,0.42,4,1.55,,,1.3,
saldanha bay,8,3,1926,914,m,15.78,,2.65,2.88,2.97,6.35,0.79,,0.8,4.8,7.5,,0.7,0.35,,1.3,1.7,1.78,0.44,3.7,1.55,,,,
saldanha bay,8,6,1926,916,f,17.75,,3.18,3.55,3.68,7.3,0.83,,0.82,5.75,8.05,,0.3,0.37,0.78,1.32,1.88,1.9,0.45,4.48,1.68,,,,
saldanha bay,8,6,1926,917,f,14.52,,2.8,2.9,3.03,6.06,0.73,3.75,0.78,4.35,7.1,6.7,0.45,0.37,0.8,1.24,1.72,1.75,0.39,3.7,1.55,,,1.25,
saldanha bay,8,7,1926,922,f,14.65,,2.45,2.8,2.85,5.85,0.7,,0.79,4.1,7.1,,0.4,0.33,,1.16,1.55,1.62,0.38,3.45,1.45,,,,
saldanha bay,8,7,1926,924,m,16.2,,2.8,3.15,3.22,6.45,0.79,4,0.86,4.8,8,7.57,1.2,0.44,1,1.23,,,,,,,,1.25,
saldanha bay,8,11,1926,933,f,15.8,,2.97,,3.33,6.85,0.81,3.85,0.76,4.85,7.4,,0.3,0.3,1,1.45,1.82,1.87,0.45,,,,,,
saldanha bay,8,12,1926,934,m,15.8,,,,3.5,7,0.79,,0.81,4.6,7.15,,,,,1.4,1.94,2,0.5,4.25,,,,,
saldanha bay,8,12,1926,935,m,14.4,,2.78,2.85,2.98,5.55,0.7,3.69,0.71,4.1,,6.7,0.85,0.31,0.9,1.25,1.65,1.73,0.43,,,,,1.25,
saldanha bay,8,13,1926,940,m,15.43,,2.58,2.85,2.97,6.07,0.76,3.94,0.79,4.77,7.3,7.1,1.2,0.35,0.95,1.2,1.57,1.62,0.42,3.6,1.6,,,1.18,
saldanha bay,8,13,1926,941,f,14.7,,2.55,2.73,2.8,5.72,0.68,3.8,0.79,4.5,7.3,7,0.4,0.39,0.8,1.2,1.58,1.6,0.39,,,,,1.32,
saldanha bay,8,15,1926,946,f,14.25,,2.57,,2.94,,0.7,,0.73,4.28,6.85,,0.29,,,,,,,,,,,,
saldanha bay,8,15,1926,948,f,16.8,,2.04,3.2,3.33,6.75,0.81,4.3,0.91,5,8,7.65,0.43,0.4,0.8,1.3,2.1,2.19,0.45,4.03,1.76,,,1.38,
saldanha bay,8,15,1926,949,f,20.7,,4,4.45,4.53,8.74,0.99,4.88,1,5.84,9.15,8.85,0.79,0.43,1.2,1.7,2.3,2.37,0.56,5.5,2.18,,,1.85,
saldanha bay,8,15,1926,950,m,20.8,,3.85,4.22,4.32,8.53,1.05,4.9,1.07,6,9.75,9.45,1.64,0.5,1.4,1.65,,,,,,,,1.78,
saldanha bay,8,16,1926,954,f,15.35,,,,3.05,,,,0.77,4.45,7.1,,,,,1.52,1.74,1.76,,3.75,1.52,,,,
saldanha bay,8,16,1926,955,m,20.22,,3.88,4.03,4.34,8.4,0.95,4.8,1.07,5.74,9,8.7,1.23,0.45,1.35,1.67,2.2,2.26,0.58,,,,,1.72,
saldanha bay,8,17,1926,957,m,14.2,,2.5,2.7,2.76,5.77,0.71,3.65,0.75,4.2,6.75,6.25,1.1,0.41,0.7,1.18,1.53,1.57,0.38,3.4,1.57,,,1.35,
saldanha bay,8,17,1926,959,m,14.9,,2.4,2.6,2.75,5.75,0.73,3.9,0.81,4.55,7.07,7,1.1,0.35,0.75,1.24,1.64,1.67,0.41,,,,,1.2,
saldanha bay,8,18,1926,960,f,15.6,,2.9,3.22,3.25,6.35,,,0.8,4.75,7.3,,,0.3,0.75,1.15,1.66,1.73,0.42,,,,,,
saldanha bay,8,19,1926,962,m,14.55,,2.48,2.82,2.82,5.97,0.75,,0.78,4.4,6.9,,0.58,,,1.22,1.62,1.65,0.42,2.52,1.55,,,,
saldanha bay,8,19,1926,963,f,16.78,,3.1,3.4,3.45,6.77,0.76,4.45,0.86,5.05,8,7.8,0.5,0.44,0.85,1.3,1.8,1.85,0.44,4.07,1.74,,,1.32,
saldanha bay,8,19,1926,966,m,17.9,,3.35,3.68,3.8,7.48,0.89,4.4,0.83,5.1,8.75,8.25,1.4,0.39,0.95,1.55,2.03,3.11,0.52,4.62,1.84,,,1.5,
saldanha bay,8,20,1926,969,m,15.65,,,,2.9,,,,0.84,,7.6,,,,,1.2,1.6,1.64,0.42,3.85,1.5,,,,
saldanha bay,8,20,1926,970,m,15.2,,2.75,,3.19,6.2,,4.15,0.83,5,7.9,7.49,1.1,0.39,1.05,,1.65,1.7,0.41,,,,,1.4,
saldanha bay,8,20,1926,972,m,20.9,,3.8,4.2,4.36,,1.03,5.2,1.05,5.85,9,9.22,1.5,0.59,1.75,,,,,,,,,1.65,
saldanha bay,8,20,1926,973,m,14.1,,2.45,2.72,2.81,5.65,0.66,3.45,0.78,4.15,6.75,6.6,1.1,0.35,1,1.07,1.6,1.64,0.41,3.4,1.45,,,1.35,
saldanha bay,8,20,1926,975,m,18,,3.4,3.65,3.8,7.5,0.96,4.5,0.9,5.15,8.15,8.05,1.2,0.51,1.35,1.39,1.95,2.03,,4.65,1.8,,,1.5,
saldanha bay,8,20,1926,977,m,14,,2.45,2.6,2.7,5.4,0.69,3.7,0.76,4.3,,6.5,0.9,0.4,0.98,1.05,1.42,1.45,0.39,,,,,1.2,
saldanha bay,8,21,1926,978,m,14.45,,2.58,,2.83,5.85,,,0.77,4.5,7.05,,,,,1.13,1.64,1.66,0.43,3.5,1.53,,,,
saldanha bay,8,21,1926,979,f,15.47,,2.6,2.8,2.94,5.95,0.73,4,0.81,4.75,7.65,7.15,0.45,0.36,0.8,1.3,1.64,1.67,0.42,,,,,1.31,
saldanha bay,8,21,1926,980,f,15.75,,2.75,,3.14,6.27,0.75,3.91,0.79,4.65,7.55,7,0.49,0.39,0.8,1.18,1.62,1.66,0.44,3.75,1.7,,,1.23,
saldanha bay,8,21,1926,982,m,14.45,,2.42,2.59,2.72,5.6,0.74,3.88,0.8,4.44,7.25,6.8,1,0.49,0.9,1.25,1.49,1.54,0.43,2.38,1.57,,,1.46,
saldanha bay,8,21,1926,983,f,15.67,,2.79,3.04,3.17,6.3,0.75,3.87,0.88,4.6,7.3,7.1,0.47,0.38,0.8,1.2,1.64,1.68,0.42,,,,,1.23,
saldanha bay,8,22,1926,986,m,19.95,,4.08,4.3,4.42,,0.98,4.45,1,5.4,9,8.55,1.45,0.55,1.4,,,,,,,,,1.6,
saldanha bay,8,23,1926,987,m,15.55,,2.65,2.95,2.95,6.05,,,0.87,4.8,7.45,,0.8,,,1.2,1.74,1.76,0.43,3.67,1.65,,,,
saldanha bay,8,23,1926,988,m,16.05,,2.87,3.1,3.22,6.26,0.69,3.9,0.77,4.45,6.9,6.7,0.9,0.45,0.9,1.17,1.68,1.74,0.42,3.9,1.55,,,1.4,
saldanha bay,8,23,1926,989,f,14.6,,2.53,2.73,2.85,5.86,0.76,3.9,0.79,4.62,7.05,6.9,0.43,0.32,0.98,1.16,1.61,1.64,0.44,3.58,1.62,,,1.38,
saldanha bay,8,23,1926,990,f,16.2,,2.86,3.21,3.32,6.62,0.78,4.18,0.81,4.75,7.35,7,0.4,0.39,1,1.4,1.74,1.79,0.46,4.03,1.7,,,1.4,
saldanha bay,8,23,1926,992,m,16.7,,2.98,3.23,3.33,6.77,0.8,4.34,0.89,4.9,7.85,7.55,1.35,0.36,0.75,1.26,,,,,,,,1.28,
saldanha bay,8,24,1926,999,m,13.35,,2.43,2.5,2.58,5.4,0.66,3.35,0.71,4.03,6.4,6.27,0.97,0.33,0.9,1.02,1.5,1.6,0.37,3.2,1.32,,,1,
saldanha bay,8,24,1926,1000,m,15.5,,2.65,2.9,3,6.2,0.77,4.2,0.85,4.35,7.65,7.4,1,0.4,1.15,1.3,1.85,1.9,0.42,,,,,1.2,
saldanha bay,8,24,1926,1001,m,15.1,,2.88,3.1,3.25,6.55,0.71,4.15,0.8,4.8,,7.45,1.16,0.38,1.05,1.35,1.9,1.95,0.42,3.85,1.55,,,1.3,
saldanha bay,8,24,1926,1002,m,14.65,,2.3,2.65,2.75,5.7,0.72,3.65,0.83,,7.3,,,0.42,1,1.22,1.7,1.76,0.41,,,,,,
saldanha bay,8,24,1926,1003,m,18.15,,4.25,4.5,4.64,7.4,0.84,4.4,0.9,5.35,8.5,8.1,1.27,0.54,1.1,1.45,2,2.04,0.47,,,,,1.35,
saldanha bay,8,24,1926,1004,m,20.45,,4.27,,4.65,9.06,1.05,4.95,1.07,5.8,9.5,9.1,1.5,0.52,1.3,1.58,,,,,,,,2,
saldanha bay,8,25,1926,1005,m,17.7,,3.2,3.5,3.68,7.35,0.84,,0.82,5.3,8.3,,,,,1.37,1.95,1.98,0.48,4.45,1.84,,,,
saldanha bay,8,25,1926,1009,f,16.28,,3,3.2,3.43,6.85,0.77,4.25,0.86,4.9,7.85,7.7,0.5,0.43,1,1.4,1.9,1.95,0.49,4.18,2.8,,,1.45,
saldanha bay,8,26,1926,1011,m,14.3,,,,2.8,,,,0.76,,6.95,,,,,1.08,1.54,1.62,,3.4,1.3,,,,
saldanha bay,8,26,1926,1014,f,17.05,,3.32,3.5,3.55,7.15,0.82,,0.91,4.8,7.5,,0.45,,,1.45,,,,4.37,1.65,,,,
saldanha bay,8,26,1926,1015,m,15.85,,2.87,3.1,3.33,6.4,0.77,3.85,0.82,4.34,7.3,6.9,1,0.39,1.1,1.12,1.67,1.71,0.4,3.92,1.5,,,1.35,
saldanha bay,8,27,1926,1021,m,14.95,,2.6,,2.83,6,,,0.75,4.9,6.9,,0.5,0.38,1,1.2,1.65,1.67,,3.5,1.45,,,,
saldanha bay,8,27,1926,1024,m,19.6,,4,4.07,4.2,8.45,0.96,4.7,1.04,5.6,8.9,8.6,1.42,0.51,1.05,1.8,,,,5,2.27,,,1.59,
saldanha bay,8,27,1926,1025,f,15.9,,2.8,2.95,3.12,6.35,0.73,4.4,0.76,5.05,7.9,7.7,0.55,0.32,0.8,1.27,1.78,1.81,0.43,3.74,1.64,,,1.25,
saldanha bay,8,28,1926,1028,m,15.5,,2.6,2.86,2.98,6.23,,,0.79,4.88,7.3,,,0.39,0.8,,1.77,1.85,0.44,3.7,1.63,,,,
saldanha bay,8,28,1926,1030,m,19,,3.65,3.9,4,7.9,0.98,4.8,0.88,5.35,8.9,8.6,1.3,0.46,1.4,1.6,2.1,2.18,0.54,4.85,1.98,,,1.77,
saldanha bay,8,28,1926,1032,m,16.1,,2.8,3.05,3.2,6.55,0.8,4.15,0.91,4.9,7.8,7.5,1.25,0.44,0.8,1.37,1.87,1.92,0.48,3.88,1.83,,,1.25,
saldanha bay,8,28,1926,1033,m,20.9,,4.15,4.35,4.62,8.95,0.96,5.2,1.03,5.8,9.6,9.2,1.7,0.63,1.3,1.7,,,,5.5,2.14,,,1.67,
saldanha bay,8,28,1926,1035,m,15.75,,2.9,3.13,3.26,6.47,0.76,3.85,0.85,4.55,7.3,7.05,1.23,0.48,0.9,1.35,1.7,1.75,0.44,3.98,1.65,,,1.34,
saldanha bay,8,29,1926,1037,f,15.8,,2.8,3.08,3.1,6.2,0.75,,0.85,4.95,7.5,,0.35,,,1.34,1.7,1.75,0.41,3.8,1.61,,,,
saldanha bay,8,29,1926,1038,f,17.2,,3.3,3.55,3.7,7.3,0.86,4.27,0.81,4.93,8,7.7,0.57,0.43,0.9,1.43,1.99,2.02,0.49,4.48,1.86,,,1.52,
saldanha bay,8,29,1926,1039,f,14.6,,2.42,2.64,2.73,5.7,0.74,3.85,0.76,4.35,7,6.65,0.45,0.37,0.7,1.28,,,,,,,,1.33,
saldanha bay,8,29,1926,1040,m,16.8,,3.13,3.38,3.47,6.93,0.9,4.1,0.88,4.8,7.85,7.7,1.33,0.39,1,1.3,,,,,,,,1.53,
saldanha bay,8,30,1926,1042,m,20.15,,3.75,4.06,4.23,8.3,1.01,4.9,0.95,5.7,9.1,8.75,1.5,0.42,1.2,1.7,,,,,,,,1.77,
saldanha bay,8,31,1926,1043,f,16.7,,2.95,3.2,3.24,6.45,0.83,,0.85,5.05,7.8,,0.43,0.37,0.73,1.3,1.8,1.87,0.43,4,1.71,,,,
saldanha bay,8,31,1926,1044,f,15.85,,2.88,3.04,3.16,6.83,0.74,4.05,0.88,4.8,7.6,7.35,0.5,0.38,1,1.2,1.84,1.91,0.42,3.86,1.54,,,1.28,
saldanha bay,9,2,1926,1051,m,14.85,,,,,5.7,,,0.8,4.9,7.65,,0.75,,,,,,,3.36,1.65,,,,
saldanha bay,9,2,1926,1053,f,14.4,,2.36,2.53,2.67,5.55,0.67,3.75,0.8,4.33,6.9,6.65,0.47,0.42,0.85,1.14,1.65,1.73,0.38,,,,,1.25,
saldanha bay,9,3,1926,1055,f,21.2,,4.3,4.54,4.73,9,1.01,5.1,0.98,5.75,9.3,9,0.65,0.45,1,1.75,2.32,2.4,0.6,5.63,2.4,,,1.78,
saldanha bay,9,4,1926,1058,m,20.2,,4,4.23,4.28,8.45,0.99,,0.98,5.5,9,,1.18,0.62,1,1.6,2.2,2.28,0.57,5.1,2.35,,,,
saldanha bay,9,4,1926,1059,m,20.17,,4,4.28,4.43,,0.93,4.98,0.99,5.5,8.65,8.25,1.55,,1.24,1.65,2.3,2.36,,5.25,2.14,,,1.75,
saldanha bay,9,14,1926,1080,m,16,,2.78,2.98,3.04,6.16,0.74,4.1,0.8,4.8,7.6,7.45,0.75,0.36,0.75,1.22,1.57,1.63,0.41,,,,,1.24,
saldanha bay,9,14,1926,1082,m,15.25,,2.65,2.8,2.98,5.95,0.7,3.73,0.76,4.47,7.1,7,1.22,0.42,0.95,1.13,1.61,1.67,0.39,,,,,1.35,
saldanha bay,9,15,1926,1083,m,17.7,,3.35,3.7,3.73,7.48,0.86,,0.88,5.4,8.2,,0.8,0.45,0.8,1.45,,,0.5,4.45,1.9,,,,
saldanha bay,9,15,1926,1084,m,20.45,,2.85,4.1,4.24,8.55,1.03,4.75,1.03,5.6,9.3,9.1,1.7,0.56,1.2,1.7,2.25,2.3,0.6,5.15,,,,1.83,
saldanha bay,9,15,1926,1086,f,20.25,,4.05,4.4,4.48,8.4,0.92,4.77,0.98,5.5,8.9,8.6,0.65,0.55,1.3,1.56,2.09,2.13,0.56,,,,,1.75,
saldanha bay,9,17,1926,1087,m,14.71,,,,2.55,,,,0.82,4.65,7,,,,,1.31,1.77,1.81,0.43,3.21,1.56,,,,
saldanha bay,9,17,1926,1089,m,17,,3.1,3.28,3.44,6.8,0.8,4.17,0.83,5.05,8.1,7.9,1.3,0.37,0.85,1.25,,,,,,,,1.35,
saldanha bay,9,17,1926,1090,m,14.45,,2.6,2.92,2.96,5.55,,,0.76,4.5,6.85,,,,,1.12,1.47,1.51,0.37,,,,,,
saldanha bay,9,17,1926,1091,f,15.95,,2.82,3.03,3.2,6.35,0.71,3.88,0.87,4.78,7.55,7.3,0.37,0.36,1,1.37,1.76,1.79,0.45,3.87,1.62,,,1.32,
saldanha bay,9,17,1926,1092,f,16.35,,3.18,3.35,3.48,6.8,0.81,3.95,0.93,4.79,7.45,7.25,0.41,0.44,0.9,1.37,1.79,1.82,,,,,,1.47,
saldanha bay,9,17,1926,1093,f,15.3,,2.68,2.89,2.98,5.96,0.72,4,0.73,4.72,7.3,7.1,0.38,0.3,0.8,1.18,1.63,1.69,0.38,,,,,1.28,
saldanha bay,9,17,1926,1094,m,21.2,,4.04,4.2,4.42,8.7,1.03,5.1,1.01,5.68,9.6,9.45,1.72,0.51,0.9,1.48,,,,5.36,2.2,,,1.54,
saldanha bay,9,18,1926,1096,m,13.9,,2.25,4.49,2.6,5.28,0.66,3.46,0.78,4.12,6.57,6.4,1.08,0.33,0.65,1.1,1.65,1.7,0.38,3.19,1.4,,,1.2,
saldanha bay,9,18,1926,1097,f,12.75,,2.01,2.33,2.36,4.8,0.61,3.49,0.67,3.9,6.25,6.4,0.42,0.32,0.7,1,1.59,1.62,0.35,,,,,1.05,
saldanha bay,9,20,1926,1102,m,16.5,,2.96,3.2,3.38,6.7,0.72,,0.75,4.75,7.6,7.7,1.2,0.38,0.8,1.34,1.9,1.96,,,,,,,
saldanha bay,9,21,1926,1103,f,15.2,,2.6,,2.95,6.1,,,0.82,4.45,7,,0.35,,,1.17,1.61,1.65,0.43,3.68,1.53,,,,
saldanha bay,9,21,1926,1105,m,15.25,,2.45,2.77,2.9,6.05,0.72,3.9,0.77,4.5,7.18,7,1,0.41,0.8,1.21,1.62,1.66,0.4,3.57,1.51,,,1.36,
saldanha bay,9,21,1926,1106,f,15.05,,2.71,2.89,2.98,6.06,0.78,3.9,0.77,4.68,7.2,6.9,0.42,0.45,1,1.36,1.94,2,0.4,3.72,1.49,,,1.35,
saldanha bay,9,21,1926,1108,m,17.8,,2.76,3,3.1,6.15,0.72,3.58,0.74,4.18,6.6,6.45,1.8,0.41,0.9,1.18,1.8,1.86,0.42,,,,,1.31,
saldanha bay,9,22,1926,1111,m,20.35,,3.87,4,4.17,8.2,1.01,5,0.95,5.75,9.26,8.9,1.55,0.57,1.1,1.44,1.95,1.96,0.55,5.04,2.04,,,1.63,
saldanha bay,9,22,1926,1114,f,15.25,,2.88,3.07,3.17,6.2,0.8,3.73,0.77,4.62,7.25,7,0.46,0.52,1,1.15,1.47,1.56,0.38,3.9,1.6,,,1.38,
saldanha bay,9,22,1926,1115,f,17.9,,3.4,3.7,3.85,7.6,0.89,4.47,0.84,5.1,8.1,7.8,0.5,0.38,1,1.38,1.98,2.1,0.46,4.65,1.94,,,1.57,
saldanha bay,9,24,1926,1118,m,14.05,,2.35,2.5,2.6,5.45,0.66,,0.81,4.3,6.75,,,0.38,0.8,1.08,1.55,1.61,0.37,3.19,1.5,,,,
saldanha bay,9,24,1926,1120,f,14.8,,2.35,2.6,2.69,5.7,0.75,3.8,0.83,4.6,7.25,7.25,0.4,0.39,0.95,1.18,1.61,1.7,0.41,,,,,1.15,
saldanha bay,9,25,1926,1127,f,21.25,,4.07,4.32,4.56,8.7,1.08,5.4,1,5.9,9.6,9.2,0.65,0.55,1.1,1.6,2.17,2.21,0.62,5.46,2.36,,,1.87,
saldanha bay,9,26,1926,1130,m,19.2,,3.4,3.7,3.84,7.7,0.92,4.78,0.95,5.45,9,8.65,1.5,0.42,1.15,1.46,1.72,1.76,0.49,,,,,1.6,
saldanha bay,9,26,1926,1132,m,21.75,,4.2,,4.77,9.2,0.98,5.3,1.13,6.1,9.9,9.55,1.58,0.5,1.15,1.8,2.5,2.34,0.66,,,,,1.6,
saldanha bay,9,26,1926,1133,m,21.2,,4.23,,4.64,8.95,1.4,5.1,0.96,5.6,9.45,9.1,1.15,0.47,1.1,1.75,2.29,2.34,0.64,5.65,2.2,,,1.8,
saldanha bay,9,26,1926,1134,m,14.25,,2.55,2.7,2.77,5.68,0.75,,0.77,4.15,6.8,,1.16,0.36,0.6,1.15,1.4,1.49,0.38,,,,,,
saldanha bay,9,26,1926,1135,f,17.45,,3.35,3.55,3.67,7.2,0.85,4.4,0.85,5.3,8.45,8.1,0.4,0.47,1.2,1.45,1.92,1.97,0.51,,,,,1.5,
saldanha bay,9,26,1926,1136,m,20.15,,3.9,,4.3,,1,4.9,0.9,5.55,8.95,8.6,1.55,0.38,1.37,,2.2,2.26,0.58,,,,,1.7,
saldanha bay,9,27,1926,1140,m,14.65,,2.25,2.7,2.7,5.6,0.69,,0.76,4.4,7,,,0.43,1.05,1.22,1.55,1.58,0.4,,,,,,
saldanha bay,9,27,1926,1144,f,16.65,,3.1,3.45,3.5,,0.8,4,0.83,4.8,7.55,7.45,0.45,0.37,0.9,1.37,1.79,1.86,0.46,,,,,1.45,
saldanha bay,9,28,1926,1146,m,19.6,,3.98,4.15,4.34,8,0.98,,0.93,5.45,8.95,,,,,,,,,,,,,,
saldanha bay,9,28,1926,1148,m,16.8,,3.14,3.35,3.43,6.8,0.83,4.25,0.85,4.9,7.9,7.65,1.3,0.44,1.1,1.4,,,,4.23,1.7,,,1.35,
saldanha bay,9,28,1926,1149,m,15.95,,2.8,3.15,3.28,,0.76,4,0.77,4.7,7.27,,0.95,0.44,1,,,,,,,,,1.32,
saldanha bay,10,3,1926,1163,f,15.4,,2.75,2.83,2.92,6.05,0.74,4.1,0.81,4.75,7.6,6.15,0.55,0.32,1.15,1.32,1.8,1.82,0.44,3.6,2,3.52,2,1.4,
saldanha bay,10,3,1926,1165,f,18.8,,3.45,3.85,3.9,7.8,0.93,4.66,0.94,5.4,8.4,,0.45,0.54,1.3,1.6,2.21,2.3,0.52,4.7,,4.61,2.42,1.62,
saldanha bay,10,7,1926,1175,m,19.6,,4.19,,4.4,,0.97,4.65,0.9,5.5,8.9,,1.4,0.29,1.1,1.7,2.18,2.2,0.58,,,,,1.65,
saldanha bay,10,8,1926,1180,m,14.9,,2.4,2.6,2.68,5.55,0.7,,0.81,4.4,7.03,,1.15,,,1.1,,,,3.4,1.45,,1.62,,
saldanha bay,10,9,1926,1184,f,16.7,,2.9,3.2,3.26,6.6,0.82,,0.9,5,7.8,,,0.49,1,1.36,1.85,1.9,0.44,4,1.62,3.92,2.03,,
saldanha bay,10,9,1926,1187,f,13.55,,2.2,2.48,2.57,5.39,0.66,3.48,0.68,4.05,,6.15,0.5,0.31,0.9,1.1,1.44,1.49,0.35,,,,1.62,1.22,
saldanha bay,10,9,1926,1188,m,15,,2.75,3,3.1,6.15,0.74,3.75,0.75,,7,,,0.38,0.85,1.15,1.6,1.62,,,,,,,
saldanha bay,10,11,1926,1189,m,19.35,,3.6,,4.13,,1.02,4.45,1,5.45,8.6,8.6,1.45,,1.45,,2.1,2.19,0.5,4.9,2,,,1.7,
saldanha bay,10,11,1926,1190,m,21.7,,4,,4.3,,0.98,5,0.9,6.05,9.95,9.75,1.65,,1.2,,,,,,,,,1.6,
saldanha bay,10,11,1926,1192,m,20.7,,4.1,,4.48,8.9,1.05,4.7,1,5.7,,8.85,1.5,,1.3,1.85,2.46,2.52,,,,,,1.7,
saldanha bay,10,11,1926,1193,m,15.25,,2.47,2.65,2.75,5.95,0.77,3.95,0.85,4.75,,7.63,1.29,0.36,1,1.25,1.67,1.68,,,,,,1.3,
south georgia,11,15,1926,1194,m,20.25,,3.9,,4.2,,1.03,,1.04,6.1,9.55,,1.05,,,,,,,,,,,,
south georgia,11,15,1926,1197,m,21.3,,3.89,4.34,4.52,9.24,1.04,4.75,1.03,5.89,9.43,,1.01,,1.3,1.75,2.39,2.5,0.6,,,,,,
south georgia,11,15,1926,1198,m,21.33,,4.65,5.45,4.85,9.67,,,1.08,5.73,9.2,8.7,1.53,,1.38,1.88,2.49,2.52,0.61,,,,,,
south georgia,11,16,1926,1199,m,19.6,,3.75,4.05,4.21,8.33,0.94,,0.9,5.02,8.91,,1.27,,,1.75,2.2,2.25,0.54,5.15,2.14,,,,
south georgia,11,17,1926,1203,f,20.7,,4.26,,4.5,9.31,,,1.03,5.95,8.86,,0.51,,,1.77,2.35,2.41,0.62,5.6,2.3,,,,
south georgia,11,18,1926,1210,f,21.8,,4.44,4.82,4.88,,,,0.98,6,9.9,,0.65,,,,,,,5.85,2.4,,,,
south georgia,11,18,1926,1211,m,20.3,,3.9,,4.37,8.3,1.03,5,1,5.6,9.1,8.8,1.4,0.57,1.4,1.55,,,,,,,,1.85,
south georgia,11,22,1926,1221,f,22.4,,4.25,,4.65,,1.05,,0.95,6.4,10.3,,0.7,,,,,,,,,,,,
south georgia,11,22,1926,1224,f,22.35,,4.4,,4.85,9.65,,,1,6,9.7,,0.7,,,1.75,,,,,,,,,
south georgia,11,26,1926,1231,m,20.96,,4.12,4.28,4.37,8.76,1.05,4.86,1.1,6.2,9.95,9.58,1.45,0.57,1.7,1.83,2.29,2.32,0.6,,,,,1.85,
south georgia,11,29,1926,1235,f,22.48,,4.05,,5.13,9.5,1.1,,1.12,6.47,9.5,,0.58,0.42,1.05,2.05,2.31,2.42,0.64,6.28,2.58,,,,
south georgia,12,10,1926,1270,m,22.5,,3.85,4.11,4.25,8.3,0.91,5.11,0.96,5.81,9.83,9.27,1.4,0.54,1.4,1.67,,,,,,,,1.9,
south georgia,12,13,1926,1286,m,20.24,,3.88,,4.27,,1.02,4.87,1,5.69,9.25,9.25,1.43,0.53,0.97,,,,,,,,,1.87,
south georgia,12,16,1926,1292,f,22.03,,4.21,4.71,4.71,9.25,1.1,,0.95,5.91,9.79,,0.65,,,1.82,2.41,2.47,0.62,5.58,2.48,,,,
south georgia,12,20,1926,1297,f,22.75,,4,4.6,4.7,8.8,1.03,,1.02,5.6,9.3,,0.55,0.56,,2.03,,,0.65,5.65,2.4,,,,
south georgia,1,4,1927,1338,f,21.8,,4.55,4.62,4.77,9.25,1.05,5.07,1.09,6,9.7,9.5,0.6,0.53,1.36,1.87,2.44,2.57,0.65,5.6,2.36,,,1.94,
south georgia,1,9,1927,1354,f,21.85,,4.3,4.6,4.65,,1.05,,1.1,6.4,10.1,,0.6,,,,,,,,,,,,
south georgia,1,9,1927,1357,f,21.7,,4.4,,4.9,9.2,1.08,,1,5.65,9.2,,0.55,,,1.6,,,,6,2.2,,,,
south georgia,1,9,1927,1358,m,20.2,,4.05,,4.57,8.61,,,1.05,5.62,9.1,,,,,,,,0.51,5.5,2.2,,,,
south georgia,1,10,1927,1365,f,21.4,,4.2,,4.8,9.25,1.02,5.3,1,6,9.65,9,0.5,0.4,1.3,2.29,2.42,2.5,0.54,5.85,2.4,,,,
south georgia,1,10,1927,1369,f,21,,4.1,,4.55,8.45,1,,1.05,5.8,9.2,,0.6,0.5,1.3,,,,,5.5,,,,1.95,
south georgia,1,11,1927,1370,f,22.45,,4.7,,5.2,10,1.08,,1.15,6.1,,10.4,,,,1.8,,,,6.2,2.5,,,,
south georgia,1,11,1927,1371,m,23.6,,4.6,,5.05,10.1,1.06,,1.05,6.15,10.4,,1.15,,,2.1,,,,6.05,2.37,,,,
south georgia,1,11,1927,1372,m,18.9,,3.55,3.88,4,7.95,0.89,,0.85,5.15,8.45,,,0.46,,1.5,,,,,,,,,
south georgia,1,15,1927,1377,m,20.2,,,,,,,,,,,,,,,,,,,,,,,,
south georgia,1,15,1927,1381,f,23.35,,,,,,,,,,,,,,,,,,,,,,,,
south georgia,1,17,1927,1391,m,21.05,,,,,,,,,,,,,,,,,,,,,,,,
south georgia,1,18,1927,1392,m,19.6,,,,,,,,,,,,,,,,,,,,,,,,
south georgia,1,18,1927,1393,m,20.05,,,,,,,,,,,,,,,,,,,,,,,,
south georgia,1,18,1927,1394,f,20.6,,,,,,,,,,,,,,,,,,,,,,,,
south georgia,1,19,1927,1398,m,19.3,,,,,,,,,,,,,,,,,,,,,,,,
south georgia,1,19,1927,1399,f,21.1,,,,,,,,,,,,,,,,,,,,,,,,
south georgia,1,19,1927,1400,f,21.8,,,,,,,,,,,,,,,,,,,,,,,,
south georgia,1,19,1927,1401,f,22,,,,,,,,,,,,,,,,,,,,,,,,
south georgia,1,21,1927,1404,f,21.4,,,,,,,,,,,,,,,,,,,,,,,,
south georgia,1,22,1927,1413,f,20.4,,,,,,,,,,,,,,,,,,,,,,,,
south georgia,1,22,1927,1414,f,21.1,,,,,,,,,,,,,,,,,,,,,,,,
south georgia,1,22,1927,1415,m,17.4,,,,,,,,,,,,,,,,,,,,,,,,
south georgia,1,22,1927,1416,f,22.05,,,,,,,,,,,,,,,,,,,,,,,,
south georgia,1,26,1927,1433,f,17.3,,,,,,,,,,,,,,,,,,,,,,,,
south georgia,1,27,1927,1435,m,19.6,,,,,,,,,,,,,,,,,,,,,,,,
south georgia,1,30,1927,1451,m,18.3,,,,,,,,,,,,,,,,,,,,,,,,
south georgia,1,30,1927,1452,f,21.8,,,,,,,,,,,,,,,,,,,,,,,,
south georgia,2,7,1927,1456,f,19.5,,,,,,,,,,,,,,,,,,,,,,,,
south georgia,2,14,1927,1469,m,16,,,,,,,,,,,,,,,,,,,,,,,,
south georgia,2,15,1927,1474,m,21.3,,,,4.3,,,,,6,,,,,,,,,,,,,,,
south georgia,2,15,1927,1475,f,22.8,,,,4.87,,,,,6.4,,,,,,,,,,,,,,,
south georgia,2,17,1927,1476,m,17,,,,3.42,,,,,4.97,,,,,,,,,,,,,,,
south georgia,2,21,1927,1485,f,23.4,,,,5.27,,,,,6.58,,,,,,,,,,,,,,,
south georgia,2,22,1927,1487,m,19.4,,,,3.15,6.4,0.95,4.8,,5.4,8.7,,1.45,0.5,,1.6,,,0.55,4.8,2.15,,,1.95,
south georgia,2,22,1927,1488,m,21.7,,,,4.55,,1.08,5,,5.95,9.5,,1.55,0.45,,,,,,5.5,2.45,,,,
south georgia,2,22,1927,1489,m,19.8,,,,3.5,,0.9,4.75,,5.55,8.9,,1.45,0.45,,1.51,,,0.58,5,2.1,,,,6.55
south georgia,2,22,1927,1490,f,22.4,,,,4.65,,1.05,5.5,,6.25,10,,0.7,0.5,,1.65,,,0.55,5.7,2.4,,,,7.45
south georgia,2,24,1927,1498,f,20.5,,,,4.4,,0.95,4.95,,5.9,9.5,,0.65,0.57,,,,,,5.35,2.35,,,2,6.8
south georgia,2,24,1927,1500,m,20,,,,4.45,,1.03,4.7,,5.7,9.25,,1.3,0.53,,1.6,2.1,,0.47,,,,,,7
south georgia,2,24,1927,1501,f,17.6,,,,3.35,,0.81,4.9,,5.1,8.15,,0.5,,,1.36,2.08,,0.5,4.15,1.9,,,,5.45
south georgia,2,25,1927,1502,f,21.2,,,,4.58,,1.08,,,5.95,9.75,,,,,,,,,5.5,2.29,,,,7.2
south georgia,2,25,1927,1505,f,22.1,,,,4.94,,1.1,,,6.4,9.6,,,,,,,,,,,,,,7.6
south georgia,2,25,1927,1506,f,18.3,,,,3.7,,0.94,4.6,,5.25,8.35,,0.42,,,,,,,,,,,,5.9
south georgia,2,26,1927,1510,m,20.3,,,,4.25,,0.9,4.83,,5.3,8.69,,1,0.46,,1.75,2.3,,0.6,5.15,2.27,,,2,6.75
south georgia,2,26,1927,1511,m,17.1,,,,3.67,,0.85,4.2,,4.7,7.7,,,0.52,,1.5,1.97,,0.45,4.57,1.98,,,,5.85
south georgia,2,27,1927,1513,f,20.4,,,,4.2,,,5.13,,5.72,9.25,,,0.46,,1.67,2.33,,0.6,5,2.36,,,,6.5
south georgia,2,27,1927,1515,f,17.55,,,,3.72,,0.88,4.53,,5.2,8.05,,,0.53,,1.6,1.92,,0.46,4.5,1.98,,,1.65,5.9
south georgia,2,27,1927,1516,f,22.85,,,,4.95,,1.2,5.15,,6.3,10.2,,,0.51,,2.08,2.48,,0.64,5.95,2.55,,,,7.4
south georgia,2,27,1927,1519,f,14.1,,,,2.36,,0.67,3.95,0.73,4.52,6.9,,0.44,0.33,,1.17,1.67,,0.37,,,,,1.47,4.07
south georgia,2,28,1927,1521,f,20.8,,,,4.3,,,5.05,,6.1,9.3,,0.6,0.5,,1.75,2.3,,0.55,5.15,2.3,,,,5.8
south georgia,2,28,1927,1522,f,15.85,,,,2.85,,0.8,4.15,,4.8,7.7,,0.6,0.43,,1.25,1.67,,0.42,3.6,1.7,,,,4.5
south georgia,3,1,1927,1527,f,20.1,,,,4.33,,1.05,4.9,,5.55,8.95,,,0.42,,1.8,2.35,,0.58,5.18,2.3,,,,6.65
south georgia,3,1,1927,1528,m,18.5,,,,3.8,,0.88,4.55,,5.2,8.4,,,0.48,,1.53,,,,,,,,1.77,6
south georgia,3,3,1927,1529,m,21,,4,,4.5,,0.98,,,5.95,9.45,,,,,1.78,2.53,,0.63,,,,,,7.15
south georgia,3,3,1927,1531,f,19.4,,,,3.95,,0.88,4.8,,5.25,8.4,,,0.4,,1.54,2.24,,0.53,,,,,1.93,6.2
south georgia,3,3,1927,1536,m,17.65,,,,3.62,,0.83,4.45,,5,8.1,,,0.46,,1.28,1.8,,0.46,4.39,1.89,,,,5.75
south georgia,3,3,1927,1537,f,21.5,,,,4.58,,1.05,5.2,,5.65,9.3,,,0.51,,,,,,,,,,,7.35
south georgia,3,4,1927,1539,m,17.3,,,,3.63,,0.91,4.2,,5.1,7.9,,1.25,0.4,,1.3,1.93,,0.47,4.45,2,,,,5.75
south georgia,3,4,1927,1540,f,18.8,,,,3.8,,0.9,4.9,,5.6,8.8,,0.4,0.4,,,,,,,,,,,6.05
south georgia,3,4,1927,1541,f,18.4,,3.5,,4.1,,,,,5.4,8.75,,0.5,,,,,,,,,,,,6.65
south georgia,3,4,1927,1542,m,19.1,,,,4.05,,0.9,4.45,,5.2,8.4,,1.45,0.45,,1.7,,,0.5,4.95,2.2,,,,6.4
south georgia,3,4,1927,1543,m,20.1,,,,4.59,,1.03,,,5.55,9.85,,1.35,,,,,,,5.5,2.55,,,,7.3
south georgia,3,4,1927,1544,m,20.1,,,,4.23,,,,,5.5,9,,1.05,0.48,,1.78,,,0.58,5.5,2.35,,,,6.85
south georgia,3,4,1927,1545,m,18.85,,,,3.9,,,4.2,,5.15,8.3,,1.35,0.42,,1.56,2.25,,0.52,4.7,2.2,,,,6.3
south georgia,3,4,1927,1546,m,18.2,,,,3.9,,,4.35,,5.1,8.4,,1.55,0.45,,1.55,2.05,,0.55,4.5,2.1,,,,6
south georgia,3,4,1927,1548,m,19.7,,,,3.8,,0.87,4.6,,5.5,8.8,,1.3,0.43,,1.45,1.97,,0.52,4.67,2.1,,,,6.25
south georgia,3,5,1927,1552,f,21.5,,,,4.3,,1,5.55,,6.5,9.95,,0.6,0.55,,1.75,2.02,,0.58,,,,,,7.1
south georgia,3,5,1927,1553,m,18.3,,,,3.75,,0.86,4.65,,5.1,8.38,,,0.43,,1.49,2.2,,,,,,,,5.9
south georgia,3,5,1927,1554,m,20.78,,,,4.3,,0.98,4.85,,5.8,9.4,,,0.53,,1.58,,,,,,,,,7
south georgia,3,16,1927,1580,m,20.09,,,,4.47,,1.48,,,5.1,8.55,,1,,,1.95,,,0.59,5.45,2.6,,,,6.95
south georgia,3,20,1927,1585,m,20.8,,,,4.45,,,,,5.45,8.5,,1.15,,,1.8,,,0.55,5.2,2.05,,,,7
south georgia,3,20,1927,1587,f,20.8,,,,4.65,,1.03,4.35,,6.1,9.8,,0.5,,,1.9,,,0.62,5.6,2.6,,,,7.7
south georgia,3,20,1927,1589,m,15.3,,,,3.5,,0.74,4.8,,4.6,7.2,,1.1,0.37,,1.25,,,0.45,3.85,1.7,,,1.45,4.56
south georgia,3,20,1927,1590,f,15.1,,,,2.55,,0.75,3.9,,4.6,7.4,,0.45,0.32,,1.24,,,0.41,3.3,1.7,,,,4.45
south georgia,3,21,1927,1591,m,15.9,,,,,,,,,4.61,,,0.74,,,,,,,3.5,1.6,,,,
south georgia,3,21,1927,1592,m,15,,,,2.75,,0.71,3.9,,4.4,7.3,,1.3,0.28,,1.02,,,0.37,3.65,1.8,,,1.65,4.7
south georgia,3,21,1927,1594,f,21.05,,,,4.38,,1.33,5.28,,6.05,9.55,,0.75,0.55,,1.63,,,0.55,,,,,,6.55
south georgia,3,23,1927,1595,f,18.9,,,,3.98,,0.88,,,5.58,8.95,,0.52,,,1.63,,,0.51,4.78,1.9,,,,6.2
south georgia,3,23,1927,1596,m,21.2,,,,4.2,,0.97,5.15,,5.95,9.3,,1.45,0.56,,,,,,,,,,,7.45
south georgia,3,24,1927,1597,f,20.9,,,,4.23,,0.95,,,6.2,9.8,,0.6,0.49,,1.74,,,0.53,5.1,2.25,,,,6.9
south georgia,3,24,1927,1598,f,21.05,,,,4.5,,1.03,5.1,,5.7,9.4,,0.75,0.5,,1.96,,,0.62,5.65,2.25,,,2.05,7.05
south georgia,3,29,1927,1603,f,15.8,,,,2.93,,,,,4.8,7.55,,0.38,,,1.13,,,0.41,3.65,1.71,,,,4.86
south georgia,4,5,1927,1626,f,20.9,,,,4.35,,1,4.25,,5.9,9.6,,0.7,0.4,,1.59,,,0.54,5.32,2.32,,,,6.45
south georgia,4,6,1927,1627,m,19.5,,,,4.03,,,,,5.6,9.1,,1.15,,,1.46,,,0.62,4.9,2.14,,,,6.35
south georgia,4,6,1927,1628,f,20.95,,,,4.35,,1,6.1,,5.85,9.5,,0.62,0.38,,1.73,,,0.6,5.52,2.24,,,,7
south georgia,4,6,1927,1629,m,19.7,,,,4.38,,0.96,4.65,,5.5,8.5,,1.3,0.46,,1.55,,,,,,,,,6.7
south georgia,4,9,1927,1641,m,19.9,,,,4.2,,1,,,5.25,9,,1.25,,,1.75,,,0.53,5.25,2.2,,,,6.75
south georgia,4,12,1927,1643,m,20.8,,,,4.36,,0.97,5.1,,5.8,9.36,,1.45,0.53,,1.78,,,0.58,5.32,2.11,,,,6.95
south georgia,4,12,1927,1645,f,22.9,,,,5.08,,1.1,5.55,,6.2,10.6,,0.6,,,1.91,,,,6.03,2.5,,,,7.6
south georgia,4,12,1927,1646,m,21.2,,,,4.65,,,4.95,,5.65,9.4,,1.5,,,,,,,5.67,2.15,,,,
south georgia,4,12,1927,1647,f,18.9,,,,3.78,,0.79,,,5.9,8.8,,0.35,,,1.58,,,0.52,4.5,1.85,,,,
south georgia,4,13,1927,1650,f,19.25,,,,4.2,,0.85,4.55,,5.35,8.55,,0.45,0.47,,,,,0.55,5.1,2.15,,,,6.4
south georgia,4,13,1927,1651,m,21.19,,,,4.4,,1.05,,,5.8,9.6,,1.45,0.5,,,,,,,,,,,6.95
south georgia,4,13,1927,1652,m,20.9,,,,4.5,,1.2,,,5.5,9,,1,,,1.84,,,0.59,5.5,2.3,,,,7.35
south georgia,4,13,1927,1653,f,21.15,,,,4.25,,1,5.6,,6.2,9.9,,0.65,0.55,,1.9,,,0.59,,,,,,7
south georgia,4,13,1927,1654,m,21.1,,,,4.45,,1.06,5.05,,5.7,9.35,,1.35,,,1.84,,,0.58,5.4,2.35,,,,7.15
south georgia,4,13,1927,1655,m,19.8,,,,4.05,,0.93,4.7,,5.4,8.75,,1.4,0.4,,1.64,,,0.54,4.85,2.15,,,,6.5
south georgia,4,19,1927,1660,m,20.3,,,,4.2,,1.1,4.5,,5.75,9.2,,1.45,0.5,,1.7,,,0.59,5,2.55,,,,6.8
south georgia,4,19,1927,1662,m,15.55,,,,2.8,,0.75,4.1,,4.8,7.6,,1.2,0.35,,1.2,,,0.47,3.4,1.7,,,,4.7
south georgia,4,20,1927,1663,m,20.3,,,,4.53,,0.95,4.85,,5.7,9.15,,1.4,0.56,,1.9,,,,5.47,2.04,,,,6.9
south georgia,4,20,1927,1664,f,22.7,,,,5,,,5.2,,5.95,9.7,,0.58,0.51,,,,,,,,,,,7.85
south georgia,4,20,1927,1665,f,19.1,,,,4.1,,0.97,,,5.45,8.7,,0.55,0.37,,,,,,,,,,,6.2
south georgia,4,20,1927,1666,m,19.2,,,,4.1,,0.92,4.9,,5.45,8.6,,1.45,0.39,,1.57,,,,,,,,,6.25
south georgia,4,22,1927,1668,m,14.7,,,,2.8,,0.77,3.63,,4.4,7.05,,0.8,0.4,,1.22,,,0.42,3.45,1.2,,,,4.7
south georgia,4,22,1927,1669,m,16.5,,,,3.5,,0.79,3.86,,4.5,7.4,,1.4,0.52,,1.5,,,0.45,4.28,1.84,,,,5.4
south georgia,4,22,1927,1670,f,16.5,,,,3.22,,,,,5,7.95,,0.3,,,1.33,,,0.46,3.95,1.75,,,,5.25
south georgia,4,23,1927,1674,m,18.6,,,,3.8,,0.85,4.2,,5.3,8.6,,1.5,0.45,,1.65,,,0.54,4.65,2.1,,,2,4.95
